Phone_ID,Brand,Ratings,RAM,ROM,Mobile_Size,Primary_Cam,Selfi_Cam,Battery_Power,Price($)
1,Oppo  A17,4.3,4,64,6.4,64,48,6500,649
2,  Vivo  Y81,3.4,4,48,5.8,64,48,5300,750
3,  Redmi A9,4.3,4,64,6.1,48,32,4000,449
4,  Samsung  Galaxy A50,4.4,4,64,6.4,48,32,5500,609
5,  Nokia  415,4.5,2,24,3.7,16,12,3000,249
6,  Vivo  V21,4.7,4,64,6,48,32,,849
7,  Nokia  415,4.4,8,256,6.5,64,,7000,899
8,Oppo  A17,4.5,4,64,6.4,64,48,6500,649
9,Redmi K20,4.4,4,64,6.1,48,24,5000,719
10,Oppo  A17,4.5,,64,6.4,64,48,6500,649
11,  Samsung  Galaxy A50,3.9,4,64,6.4,48,32,5500,609
12,  Vivo  Y81,3.8,4,48,5.8,64,48,5300,750
13,  Apple iPhone 11,4.5,4,64,6.1,48,24,5500,799
14,  Nokia  216,3.8,2,16,3.4,12,8,2500,149
15,  Redmi A9,4.5,4,64,6.1,,32,4000,449
16,Oppo  A17,4.6,4,64,6.4,64,48,,649
17,  Nokia  216,4.1,2,16,3.4,12,8,2500,149
18,  Redmi A9,4.5,4,64,6.1,48,32,,449
19,  Nokia  415,4.5,2,24,3.7,16,12,3000,249
20,  Nokia  415,4.3,2,24,,16,12,3000,249
21,  Apple iPhone 11 Pro,4.1,,64,6.3,64,48,6500,899
22,  Samsung  Galaxy A70,3.7,4,64,6.4,48,,5500,609
23,  Nokia  415,3.8,2,24,3.7,16,12,3000,249
24,  Redmi A9,3.8,4,64,6.1,48,32,4000,449
25,Redmi K20,,4,64,6.1,48,24,5000,719
26,Oppo  A17,,4,64,6.4,64,48,6500,649
27,  Oppo  A9,3.8,4,64,6.4,,48,6500,699
28,Oppo  A17,3.7,,64,6.4,64,48,6500,649
29,  Nokia  415,4.1,2,24,3.7,16,12,3000,249
30,  Apple iPhone 11 Pro,3.6,4,64,6.3,64,48,6500,899
31,  Redmi A9,3.9,4,64,6.1,48,32,4000,449
32,  Oppo  A9,4.5,4,64,6.4,64,48,6500,699
33,  Vivo  Y81,4.2,4,48,5.8,64,48,5300,750
34,  Vivo  V21,4.6,4,64,6,48,32,5500,849
35,  Vivo  V21,4.2,4,64,6,48,,5500,849
36,  Oppo  A9,4,4,64,6.4,64,48,6500,699
37,  Oppo  A9,3.9,4,64,6.4,64,48,6500,699
38,  Oppo  A9,3.9,4,64,6.4,64,48,,699
39,  Vivo  Y81,3.6,4,48,5.8,64,48,5300,750
40,  Samsung  Galaxy A50,3.6,4,64,6.4,48,32,5500,609
41,  Vivo  Y81,3.8,4,48,5.8,64,48,5300,750
42,  Nokia  216,4.1,2,16,,12,8,,149
43,  Apple iPhone 12,3.9,4,64,6.2,36,24,6000,749
44,  Nokia  216,4.1,2,16,3.4,12,8,2500,149
45,  Apple iPhone 12,4.3,4,64,6.2,36,,6000,749
46,  Vivo  V21,4.3,,64,6,48,32,5500,849
47,  Samsung  Galaxy A70,3.8,4,64,6.4,48,32,5500,609
48,  Apple iPhone 11 Pro,4,4,64,6.3,64,48,,899
49,  Vivo  Y81,3.5,4,48,5.8,64,48,5300,750
50,  Nokia  216,4.7,2,16,3.4,12,8,2500,149
51,  Apple iPhone 11 Pro,4.6,4,64,6.3,64,48,6500,899
52,  Redmi A9,4.4,4,64,,48,32,4000,449
53,  Nokia  415,3.8,2,24,3.7,16,12,3000,249
54,Oppo  A17,4.1,4,64,6.4,64,48,6500,649
55,  Samsung  Galaxy S20+,3.6,4,128,6.5,64,48,7000,849
56,Oppo  A17,3.5,,64,6.4,64,,6500,649
57,  Redmi A9,4.7,4,64,6.1,48,32,4000,449
58,  Redmi A9,3.7,4,64,6.1,48,,4000,449
59,  Apple iPhone 11 Pro,4.4,4,64,6.3,64,48,6500,899
60,  Oppo  A9,3.8,4,64,6.4,64,48,6500,699
61,  Apple iPhone 12,3.8,4,64,6.2,36,,6000,749
62,  Oppo  A9,4.5,4,64,6.4,64,48,6500,699
63,  Redmi A9,3.8,4,64,6.1,48,32,4000,449
64,  Apple iPhone 12,4.5,,64,,,24,6000,749
65,  Vivo  Y81,4.7,4,48,5.8,64,48,5300,750
66,  Samsung  Galaxy A50,4.7,4,64,6.4,48,32,5500,609
67,Oppo  A17,3.9,4,64,6.4,64,48,6500,649
68,  Nokia  216,3.9,2,16,3.4,12,8,2500,149
69,  Apple iPhone 12,4.1,,64,6.2,36,24,6000,749
70,  Nokia  415,3.6,2,24,3.7,16,12,,249
71,  Samsung  Galaxy A70,3.9,4,64,6.4,48,32,5500,609
72,  Oppo  A9,4.3,4,64,6.4,64,48,6500,699
73,  Oppo  A9,4.4,,64,6.4,64,48,6500,699
74,  Samsung  Galaxy A50,4.7,4,64,,48,32,5500,609
75,  Vivo  V21,,4,64,6,48,32,,849
76,  Redmi A9,4,4,64,6.1,48,,4000,449
77,  Samsung  Galaxy A70,4,4,64,6.4,48,32,5500,609
78,Oppo  A17,4.4,4,64,6.4,64,48,6500,649
79,  Apple iPhone 11 Pro,4.4,,64,6.3,64,48,6500,899
80,  Samsung  Galaxy A70,4.2,4,64,6.4,48,,5500,609
81,Oppo  A17,3.9,4,64,6.4,64,48,6500,649
82,  Nokia  216,,2,16,3.4,12,8,2500,149
83,  Redmi A9,4.5,4,64,6.1,48,32,4000,449
84,  Nokia  415,3.9,2,24,3.7,16,12,3000,249
85,  Vivo  Y81,3.4,4,48,5.8,64,48,5300,750
86,  Redmi A9,4,4,64,6.1,48,32,4000,449
87,  Apple iPhone 11,4,4,64,,48,24,5500,799
88,Redmi K20,4.2,4,64,6.1,48,24,5000,719
89,  Redmi A9,3.9,4,64,6.1,48,32,4000,449
90,  Samsung  Galaxy A70,3.9,4,64,6.4,48,,5500,609
91,  Nokia  415,3.8,2,24,3.7,16,12,3000,249
92,  Vivo  Y81,4.3,4,48,5.8,64,48,5300,750
93,  Vivo  Y81,4.2,4,48,5.8,64,48,5300,750
94,Oppo  A17,3.6,,64,6.4,64,48,6500,649
95,  Samsung  Galaxy A70,4.3,4,64,6.4,48,32,5500,609
96,  Redmi A9,3.4,4,64,,48,32,4000,449
97,  Nokia  415,3.7,2,24,3.7,16,12,3000,249
98,  Samsung  Galaxy A50,4.5,4,64,6.4,48,32,5500,609
99,  Nokia  216,4.3,2,16,3.4,12,8,2500,149
100,  Vivo  Y81,4.2,4,48,5.8,64,48,5300,750
101,  Nokia  216,4.3,2,16,3.4,12,8,,149
102,  Apple iPhone 11,4.3,4,64,6.1,48,24,5500,799
103,  Apple iPhone 11,3.9,4,64,6.1,48,24,5500,799
104,  Samsung  Galaxy S20+,4.4,4,128,6.5,64,48,7000,849
105,  Samsung  Galaxy S20+,4.2,4,128,6.5,64,48,7000,849
106,Oppo  A17,3.7,4,64,6.4,64,48,6500,649
107,  Samsung  Galaxy S20+,4.5,4,128,6.5,64,48,7000,849
108,  Nokia  415,,2,24,3.7,16,12,3000,249
109,  Nokia  415,3.9,2,24,3.7,,12,3000,249
110,  Apple iPhone 12,4.5,4,64,6.2,36,24,6000,749
111,  Oppo  A9,3.9,4,64,6.4,64,48,6500,699
112,  Apple iPhone 12,4.5,4,64,6.2,36,,6000,749
113,  Apple iPhone 11,4.2,4,64,6.1,48,24,5500,799
114,  Apple iPhone 11,4.6,4,64,6.1,48,24,5500,799
115,  Nokia  216,4.1,2,16,3.4,12,8,2500,149
116,  Nokia  415,4.3,2,24,3.7,16,12,3000,249
117,  Redmi A9,4.1,4,64,6.1,,32,4000,449
118,  Vivo  Y81,4,4,48,5.8,64,48,5300,750
119,  Apple iPhone 12,3.6,4,64,6.2,36,24,6000,749
120,  Apple iPhone 11 Pro,4.1,4,64,6.3,,48,6500,899
121,  Nokia  216,4.3,2,16,3.4,12,8,,149
122,  Vivo  V21,3.7,4,64,,48,32,5500,849
123,  Vivo  V21,3.7,4,64,6,48,32,5500,849
124,  Oppo  A9,3.5,4,64,6.4,64,48,6500,699
125,  Apple iPhone 11 Pro,4.3,4,64,6.3,64,,6500,899
126,  Redmi A9,3.9,4,64,6.1,,32,4000,449
127,  Samsung  Galaxy S20+,3.5,4,128,6.5,64,48,7000,849
128,  Vivo  Y81,4.3,4,48,5.8,64,48,5300,750
129,  Apple iPhone 12,3.8,4,64,6.2,36,24,6000,749
130,  Redmi A9,4.4,4,64,6.1,48,32,4000,449
131,  Nokia  216,,2,16,3.4,12,8,2500,149
132,Oppo  A17,3.7,4,64,6.4,,48,6500,649
133,  Apple iPhone 11,4.2,4,64,6.1,48,24,5500,799
134,  Redmi A9,4.7,4,,6.1,48,32,4000,449
135,  Samsung  Galaxy A50,,4,64,6.4,48,32,5500,609
136,  Samsung  Galaxy A50,,4,64,6.4,48,32,5500,609
137,  Nokia  415,3.9,2,24,3.7,16,12,3000,249
138,  Oppo  A9,4.1,4,64,6.4,64,,6500,699
139,  Apple iPhone 11 Pro,4.4,4,64,6.3,64,48,6500,899
140,  Nokia  415,3.7,2,24,,16,12,3000,249
141,  Redmi A9,4.2,4,64,6.1,48,32,4000,449
142,  Nokia  415,3.6,2,24,3.7,16,12,3000,249
143,  Samsung  Galaxy A50,3.4,4,,6.4,48,32,5500,609
144,  Samsung  Galaxy A70,3.6,4,64,6.4,48,32,5500,609
145,  Apple iPhone 12,4.5,4,64,6.2,36,24,6000,749
146,  Nokia  415,4.2,2,24,3.7,16,12,3000,249
147,  Vivo  V21,4.2,4,64,6,48,32,5500,849
148,Redmi K20,4.2,,64,6.1,48,24,,719
149,  Samsung  Galaxy S20+,4.1,4,128,6.5,,48,7000,849
150,  Nokia  216,4.3,2,16,3.4,12,,2500,149
151,  Apple iPhone 12,3.2,4,64,6.2,36,24,,749
152,  Nokia  216,4.1,2,16,3.4,12,8,2500,149
153,  Nokia  415,3.7,2,,3.7,16,12,3000,249
154,  Samsung  Galaxy A70,4.1,4,64,6.4,48,32,,609
155,  Nokia  415,3.5,2,24,3.7,16,12,3000,249
156,Oppo  A17,4.1,4,64,6.4,64,,6500,649
157,  Vivo  V21,4.4,4,64,,,32,5500,849
158,  Nokia  415,3.9,2,24,3.7,16,12,3000,249
159,  Nokia  415,3.8,2,,3.7,16,12,3000,249
160,  Vivo  V21,4.4,4,64,,48,32,5500,849
161,  Oppo  A9,3.9,,64,6.4,64,48,6500,699
162,  Samsung  Galaxy A70,3.6,4,64,6.4,48,32,5500,609
163,Redmi K20,3.7,4,64,6.1,,24,5000,719
164,  Apple iPhone 12,3.8,4,,6.2,36,24,6000,749
165,  Redmi A9,4.3,4,64,6.1,48,,4000,449
166,Redmi K20,4.1,,64,,48,24,5000,719
167,  Nokia  216,4.3,2,16,3.4,12,8,,149
168,  Vivo  V21,4,4,64,6,48,32,5500,849
169,  Vivo  Y81,4.4,,48,,64,48,5300,750
170,  Nokia  216,3.5,2,16,3.4,12,8,2500,149
171,  Apple iPhone 11 Pro,3.4,4,64,6.3,64,,6500,899
172,  Vivo  Y81,4.4,4,,5.8,,48,5300,750
173,  Vivo  V21,4.2,4,64,6,,32,5500,849
174,  Samsung  Galaxy S20+,4.2,4,128,6.5,64,48,,849
175,Redmi K20,4.6,4,64,6.1,48,24,5000,719
176,  Oppo  A9,4.2,4,64,6.4,64,48,6500,699
177,  Vivo  Y81,4.4,4,48,5.8,64,48,5300,750
178,  Apple iPhone 12,4.4,4,64,6.2,36,,6000,749
179,  Redmi A9,3.8,4,64,6.1,48,32,4000,449
180,  Vivo  V21,4.1,4,64,6,48,32,5500,849
181,  Vivo  Y81,4,4,48,5.8,64,48,5300,750
182,  Samsung  Galaxy S20+,3.4,4,128,6.5,64,48,,849
183,  Samsung  Galaxy A50,4.1,4,64,6.4,48,32,5500,609
184,  Nokia  415,4.5,2,24,3.7,16,12,3000,249
185,  Oppo  A9,3.5,4,64,6.4,64,48,6500,699
186,  Nokia  216,3.5,2,16,3.4,12,8,2500,149
187,  Apple iPhone 11 Pro,3.3,4,64,6.3,64,48,6500,899
188,  Vivo  V21,3.9,4,64,6,48,32,5500,849
189,  Redmi A9,4,4,64,6.1,48,32,,449
190,Redmi K20,4.5,4,64,6.1,48,24,5000,719
191,  Apple iPhone 11,4.2,4,64,6.1,48,24,5500,799
192,  Redmi A9,3.5,4,64,6.1,48,32,4000,449
193,  Nokia  415,4.1,2,,3.7,16,12,3000,249
194,  Apple iPhone 11 Pro,4.1,4,64,6.3,64,48,6500,899
195,  Samsung  Galaxy A70,3.6,4,64,6.4,48,32,5500,609
196,  Oppo  A9,4.1,4,64,6.4,64,48,6500,699
197,  Apple iPhone 11,4.7,4,,6.1,48,24,5500,799
198,  Apple iPhone 11,4.3,4,64,6.1,48,24,5500,799
199,  Vivo  V21,4,4,64,6,48,32,5500,849
200,  Samsung  Galaxy S20+,3.4,4,128,6.5,64,48,,849
201,Oppo  A17,3.7,4,64,6.4,64,48,6500,649
202,  Nokia  216,4.4,2,16,3.4,12,8,2500,149
203,  Oppo  A9,4,4,64,6.4,64,48,6500,699
204,  Vivo  Y81,3.9,4,48,,64,48,5300,750
205,  Samsung  Galaxy S20+,4.5,4,128,6.5,64,48,7000,849
206,  Nokia  415,3.2,2,24,3.7,16,12,,249
207,  Apple iPhone 12,4.1,4,64,6.2,36,24,6000,749
208,  Redmi A9,4.1,4,64,6.1,48,32,4000,449
209,  Samsung  Galaxy A50,3.3,4,64,6.4,48,32,5500,609
210,  Samsung  Galaxy A50,4.2,4,,6.4,48,32,5500,609
211,  Oppo  A9,3.9,,64,6.4,64,48,6500,699
212,  Vivo  Y81,4.3,4,48,5.8,,48,5300,750
213,  Apple iPhone 11,3.5,4,64,6.1,48,,5500,799
214,  Oppo  A9,4.4,4,,6.4,64,48,6500,699
215,  Redmi A9,4.1,4,64,6.1,48,32,4000,449
216,  Samsung  Galaxy S20+,3.8,,128,6.5,64,48,7000,849
217,  Nokia  216,4.2,2,16,,12,8,2500,149
218,  Vivo  V21,3.4,4,64,6,48,32,5500,849
219,  Nokia  415,3.6,2,24,3.7,,12,3000,249
220,  Redmi A9,4.3,4,64,6.1,48,,4000,449
221,  Redmi A9,,,64,,48,32,4000,449
222,  Oppo  A9,4.7,4,64,6.4,64,48,6500,699
223,  Samsung  Galaxy A50,4.4,4,,6.4,48,32,5500,609
224,  Samsung  Galaxy A70,3.9,4,64,6.4,48,,5500,609
225,  Samsung  Galaxy A70,4.5,4,64,,48,32,,609
226,Oppo  A17,4.8,4,64,6.4,64,48,6500,649
227,  Apple iPhone 11 Pro,4,,64,6.3,,48,6500,899
228,  Vivo  Y81,3.9,4,48,5.8,64,48,5300,750
229,  Apple iPhone 11 Pro,3.1,4,,6.3,64,48,6500,899
230,  Redmi A9,3.5,4,64,6.1,48,32,4000,449
231,  Vivo  V21,4.4,4,64,6,48,32,,849
232,  Nokia  216,3.5,2,16,3.4,12,8,2500,149
233,  Oppo  A9,4,4,64,6.4,64,48,6500,699
234,  Samsung  Galaxy A70,3.9,4,64,6.4,,32,5500,609
235,  Redmi A9,4.3,4,64,6.1,48,32,,449
236,  Vivo  V21,3.5,,64,6,48,,5500,849
237,Oppo  A17,4.6,4,64,6.4,64,48,6500,649
238,  Samsung  Galaxy S20+,4.5,4,128,6.5,,48,7000,849
239,Oppo  A17,4.4,4,,6.4,64,48,6500,649
240,  Vivo  V21,4.1,4,64,,48,32,5500,849
241,  Vivo  V21,3.2,4,64,6,48,32,5500,849
242,  Apple iPhone 11 Pro,4.2,4,64,6.3,64,48,6500,899
243,  Samsung  Galaxy S20+,3.7,,128,,64,48,7000,849
244,  Oppo  A9,4.1,4,64,6.4,,48,6500,699
245,  Redmi A9,4,4,64,6.1,48,32,,449
246,  Vivo  V21,3.6,4,,6,48,,5500,849
247,  Vivo  V21,3.4,4,64,6,48,32,5500,849
248,  Oppo  A9,3.8,4,64,6.4,,48,6500,699
249,  Samsung  Galaxy S20+,3.8,4,128,6.5,64,48,7000,849
250,  Nokia  415,,2,24,3.7,16,12,3000,249
251,  Samsung  Galaxy A50,3,,64,6.4,48,32,5500,609
252,  Oppo  A9,4,4,64,,64,,,699
253,  Oppo  A9,3.4,4,64,6.4,64,48,6500,699
254,  Samsung  Galaxy A50,3.9,4,64,6.4,48,32,5500,609
255,  Vivo  V21,3.4,4,,6,48,32,5500,849
256,Oppo  A17,4.1,4,64,6.4,64,48,6500,649
257,  Samsung  Galaxy A70,4.5,4,64,6.4,48,32,5500,609
258,  Oppo  A9,3.5,4,64,6.4,64,48,6500,699
259,  Redmi A9,3.5,4,64,6.1,48,32,4000,449
260,  Apple iPhone 11 Pro,4.1,,64,6.3,,48,6500,899
261,Redmi K20,3.9,4,64,6.1,48,,,719
262,  Redmi A9,3.5,4,64,6.1,48,32,4000,449
263,  Oppo  A9,4.6,4,64,6.4,64,48,6500,699
264,  Vivo  V21,4.5,4,64,6,48,32,5500,849
265,  Vivo  Y81,4.5,4,,5.8,64,48,5300,750
266,  Nokia  415,4.5,2,24,3.7,16,12,3000,249
267,  Oppo  A9,4.4,4,64,6.4,64,48,6500,699
268,  Apple iPhone 11 Pro,4.4,4,64,6.3,64,,6500,899
269,  Redmi A9,4.5,4,64,6.1,48,32,4000,449
270,  Nokia  415,4.5,,24,3.7,16,12,3000,249
271,  Vivo  Y81,4.4,4,48,,64,48,5300,750
272,  Vivo  Y81,4.4,4,48,5.8,64,48,5300,750
273,Redmi K20,4.5,4,64,6.1,,24,5000,719
274,  Redmi A9,4.4,4,64,6.1,48,32,4000,449
275,Oppo  A17,4.3,4,64,6.4,64,48,,649
276,  Apple iPhone 11 Pro,4.3,,64,6.3,64,48,6500,899
277,  Vivo  V21,4.3,4,64,6,48,32,5500,849
278,  Nokia  216,4.3,2,,3.4,12,8,2500,149
279,  Nokia  415,4.3,2,24,,16,,3000,249
280,  Nokia  216,4.3,2,16,3.4,12,8,2500,149
281,  Apple iPhone 12,4.3,4,64,6.2,,24,6000,749
282,  Samsung  Galaxy A70,4.4,4,64,6.4,48,32,,609
283,  Oppo  A9,4.3,4,64,6.4,64,48,6500,699
284,  Nokia  216,4.4,2,16,3.4,12,8,2500,149
285,  Redmi A9,4.3,4,64,6.1,48,32,4000,449
286,Oppo  A17,3.4,,64,6.4,,48,6500,649
287,  Vivo  V21,4.3,4,64,6,48,32,5500,849
288,  Nokia  216,4.4,2,16,3.4,12,,2500,149
289,  Nokia  216,4.5,2,16,,12,8,2500,149
290,  Samsung  Galaxy A50,4.7,4,64,6.4,48,32,5500,609
291,  Apple iPhone 11,4.4,4,64,6.1,48,24,5500,799
292,  Nokia  216,4.5,2,16,3.4,12,8,2500,149
293,  Samsung  Galaxy A70,4.4,,,6.4,48,32,5500,609
294,  Samsung  Galaxy A70,4.5,4,64,6.4,48,32,,609
295,  Apple iPhone 11 Pro,3.9,4,64,6.3,,48,6500,899
296,  Vivo  V21,3.8,4,64,6,48,32,5500,849
297,  Vivo  V21,,4,,6,48,32,5500,849
298,  Oppo  A9,3.8,4,64,,64,48,6500,699
299,  Nokia  216,4.5,2,16,3.4,12,,2500,149
300,  Apple iPhone 11 Pro,4.6,,64,6.3,64,48,6500,899
301,Oppo  A17,4.1,4,64,6.4,64,48,6500,649
302,  Samsung  Galaxy S20+,4.5,4,128,6.5,64,48,7000,849
303,  Nokia  415,4.5,2,24,,16,12,3000,249
304,  Apple iPhone 11,4.3,4,64,6.1,,24,,799
305,  Oppo  A9,4.1,4,,6.4,64,48,6500,699
306,  Apple iPhone 11,3.7,4,64,6.1,48,,5500,799
307,  Apple iPhone 11 Pro,3.8,,64,,64,48,6500,899
308,  Nokia  415,3.8,2,24,3.7,16,12,3000,249
309,  Apple iPhone 11 Pro,,4,64,6.3,64,,,899
310,  Apple iPhone 11,,4,64,6.1,48,24,5500,799
311,  Nokia  415,3.9,2,24,3.7,16,12,3000,249
312,  Samsung  Galaxy A50,4,4,64,6.4,48,32,5500,609
313,  Samsung  Galaxy A70,4.1,4,64,6.4,48,32,5500,609
314,  Apple iPhone 12,4.5,4,64,6.2,36,24,6000,749
315,  Samsung  Galaxy S20+,3.9,4,128,6.5,64,48,7000,849
316,  Vivo  Y81,3.5,4,48,5.8,64,48,5300,750
317,  Apple iPhone 11 Pro,4.6,4,64,6.3,64,48,6500,899
318,Oppo  A17,4.6,4,64,6.4,64,48,6500,649
319,  Samsung  Galaxy A50,4.5,4,64,6.4,48,32,5500,609
320,  Redmi A9,4.5,4,64,6.1,,32,4000,449
321,Oppo  A17,4.6,4,64,6.4,64,48,6500,649
322,Oppo  A17,4.5,4,64,6.4,64,48,6500,649
323,  Nokia  216,4.4,2,16,3.4,12,8,2500,149
324,Redmi K20,4.4,4,64,6.1,48,,5000,719
325,  Samsung  Galaxy S20+,4.5,4,128,6.5,64,48,7000,849
326,  Samsung  Galaxy S20+,4.4,4,128,6.5,64,48,7000,849
327,Oppo  A17,4.1,4,,,64,48,6500,649
328,  Samsung  Galaxy A50,3.8,4,64,6.4,48,32,5500,609
329,  Redmi A9,3.8,4,64,6.1,48,32,4000,449
330,  Samsung  Galaxy S20+,4.3,,128,6.5,64,48,7000,849
331,  Vivo  V21,4.5,4,64,6,48,32,5500,849
332,Redmi K20,4.7,4,64,6.1,48,24,5000,719
333,  Vivo  V21,4.1,4,,6,,32,5500,849
334,  Redmi A9,4,,64,6.1,48,32,4000,449
335,  Nokia  415,3,2,24,3.7,16,,,249
336,  Nokia  216,4.5,2,16,3.4,12,8,2500,149
337,Oppo  A17,4.1,,64,,64,48,6500,649
338,  Samsung  Galaxy A50,4.5,4,64,6.4,48,32,5500,609
339,  Vivo  Y81,4.1,4,48,5.8,64,48,5300,750
340,  Redmi A9,4.1,4,64,6.1,,,4000,449
341,  Nokia  415,4.5,2,24,3.7,16,12,3000,249
342,  Nokia  216,4.1,2,16,3.4,12,8,2500,149
343,  Nokia  216,4.3,2,16,3.4,12,8,2500,149
344,  Vivo  Y81,3.9,4,48,5.8,64,48,5300,750
345,  Nokia  216,3.9,2,16,3.4,12,8,2500,149
346,  Redmi A9,,4,64,6.1,48,32,4000,449
347,Redmi K20,4.4,4,64,6.1,48,24,5000,719
348,  Vivo  Y81,4.4,4,48,5.8,64,48,5300,750
349,  Nokia  216,4.3,2,16,3.4,12,8,2500,149
350,  Samsung  Galaxy A50,4.3,4,64,6.4,48,32,5500,609
351,  Vivo  V21,4.4,4,64,6,48,32,5500,849
352,  Apple iPhone 11,4.5,4,64,6.1,48,24,5500,799
353,Redmi K20,3.9,4,64,6.1,48,24,5000,719
354,  Samsung  Galaxy S20+,4.3,4,128,6.5,64,48,7000,849
355,Redmi K20,4.1,4,64,6.1,48,24,,719
356,  Vivo  V21,3.9,4,64,,,32,5500,849
357,  Redmi A9,4,4,64,6.1,48,32,4000,449
358,  Redmi A9,3.7,4,64,6.1,48,32,,449
359,  Redmi A9,4.3,6,128,6.1,48,32,4000,499
360,  Redmi A9,4.4,6,128,6.1,48,32,4000,499
361,  Oppo  A9,3.6,,,6.4,64,48,6500,699
362,  Samsung  Galaxy S20+,4.1,4,128,6.5,64,48,7000,849
363,  Vivo  Y81,4.5,4,48,5.8,64,48,5300,750
364,  Apple iPhone 11 Pro,3.9,4,64,6.3,64,,,899
365,  Samsung  Galaxy A50,3.9,4,64,6.4,48,32,5500,609
366,  Nokia  216,4,2,16,3.4,12,8,2500,149
367,  Nokia  216,4.4,2,16,3.4,,8,2500,149
368,  Samsung  Galaxy A50,3.6,4,64,6.4,48,32,5500,609
369,  Apple iPhone 11 Pro,4.4,4,64,6.3,64,48,6500,899
370,  Apple iPhone 12,4.4,4,64,6.2,36,24,6000,749
371,  Vivo  V21,4.5,4,,6,48,32,,849
372,  Nokia  216,3.5,2,16,,12,8,2500,149
373,  Vivo  V21,4.2,4,64,6,48,32,5500,849
374,  Vivo  Y81,4.4,,48,5.8,64,48,5300,750
375,Redmi K20,4.5,4,64,,48,,5000,719
376,  Nokia  415,3.7,2,24,3.7,16,12,3000,249
377,Oppo  A17,4.5,4,64,6.4,64,48,6500,649
378,  Nokia  415,3.4,2,24,3.7,16,12,3000,249
379,  Samsung  Galaxy A50,4.5,4,64,6.4,48,32,5500,609
380,Oppo  A17,3.4,4,64,6.4,64,48,6500,649
381,  Samsung  Galaxy A50,4.4,4,64,6.4,48,32,5500,609
382,  Samsung  Galaxy A50,4.6,4,64,6.4,48,32,5500,609
383,  Apple iPhone 11,4.2,4,64,6.1,48,24,5500,799
384,  Samsung  Galaxy S20+,4.2,4,128,6.5,64,48,7000,849
385,  Vivo  Y81,4.5,4,48,5.8,64,48,5300,750
386,  Oppo  A9,4.2,4,64,6.4,64,48,6500,699
387,Redmi K20,3.6,4,64,6.1,48,24,5000,719
388,  Redmi A9,4.1,6,128,6.1,48,32,4000,499
389,  Samsung  Galaxy A50,4.1,4,64,6.4,48,32,5500,609
390,  Vivo  V21,4.1,4,64,6,48,32,5500,849
391,  Oppo  A9,3.9,4,64,6.4,64,48,6500,699
392,  Nokia  216,4.3,2,16,3.4,12,8,2500,149
393,  Redmi A9,3.7,6,128,6.1,48,32,,499
394,  Samsung  Galaxy S20+,4,,128,6.5,64,48,7000,849
395,  Nokia  216,4.4,2,16,3.4,12,8,2500,149
396,Oppo  A17,4.3,4,64,6.4,64,48,6500,649
397,  Vivo  V21,4.1,4,64,,48,,5500,849
398,  Nokia  415,4.1,,24,3.7,,12,3000,249
399,  Oppo  A9,4.1,4,64,6.4,64,48,6500,699
400,  Redmi A9,4,6,128,6.1,48,32,4000,499
401,Oppo  A17,4.5,4,64,6.4,64,48,6500,649
402,  Redmi A9,4.5,6,128,6.1,48,32,4000,499
403,  Oppo  A9,3.8,4,64,6.4,64,48,,699
404,  Nokia  216,3.8,4,32,3.4,12,8,2500,199
405,  Nokia  415,4.1,2,24,3.7,16,12,3000,249
406,  Vivo  Y81,4.5,4,48,,64,48,5300,750
407,  Nokia  216,4.5,4,32,3.4,12,8,2500,199
408,  Apple iPhone 11 Pro,3.8,4,64,6.3,64,48,6500,899
409,  Vivo  Y81,4.2,4,48,5.8,64,48,5300,750
410,  Oppo  A9,3.9,4,64,6.4,64,,6500,699
411,  Vivo  V21,4.2,,64,6,48,32,5500,849
412,  Samsung  Galaxy A50,4.4,4,64,6.4,48,32,,609
413,  Apple iPhone 11 Pro,4.4,4,64,6.3,64,48,6500,899
414,Oppo  A17,3.7,4,64,6.4,,48,6500,649
415,  Apple iPhone 11,4.1,4,128,6.1,48,24,5500,899
416,  Redmi A9,3.5,6,128,6.1,48,32,4000,499
417,  Apple iPhone 12,4.5,4,64,6.2,36,24,6000,749
418,  Samsung  Galaxy A70,3.8,4,64,6.4,48,32,5500,609
419,Oppo  A17,3.8,,64,,64,48,,649
420,Oppo  A17,4.4,4,64,6.4,64,48,6500,649
421,  Nokia  216,3.7,4,32,3.4,12,,2500,199
422,Oppo  A17,4.1,4,,6.4,64,48,6500,649
423,  Nokia  216,4.1,4,32,3.4,12,8,2500,199
424,  Redmi A9,4.1,6,128,6.1,48,32,4000,499
425,  Redmi A9,4.4,6,128,6.1,48,32,4000,499
426,  Nokia  216,4,,32,3.4,12,8,2500,199
427,  Oppo  A9,3.4,4,64,,,48,6500,699
428,  Vivo  Y81,4.5,4,,5.8,64,48,,750
429,  Nokia  415,4.6,2,24,3.7,16,12,3000,249
430,  Samsung  Galaxy A70,4,4,64,6.4,48,32,5500,609
431,  Vivo  Y81,4.5,4,48,5.8,64,48,5300,750
432,  Vivo  Y81,3.7,4,48,5.8,64,,5300,750
433,  Nokia  415,3.8,2,24,3.7,16,12,3000,249
434,  Nokia  415,4.2,2,24,,16,12,,249
435,  Vivo  V21,4.7,4,64,6,48,32,5500,849
436,  Vivo  Y81,4.6,4,,5.8,,48,5300,750
437,  Redmi A9,4.2,6,128,6.1,48,32,4000,499
438,  Vivo  Y81,4.1,,48,5.8,64,48,5300,750
439,Oppo  A17,4.1,4,64,6.4,64,,,649
440,  Redmi A9,4.2,6,128,6.1,,32,4000,499
441,  Redmi A9,4.2,6,128,6.1,48,32,4000,499
442,  Samsung  Galaxy S20+,3.5,4,128,6.5,64,48,7000,849
443,  Nokia  216,4.2,4,32,3.4,12,8,2500,199
444,  Vivo  V21,3.8,4,64,6,48,32,5500,849
445,  Nokia  415,3.7,2,24,3.7,16,12,3000,249
446,  Apple iPhone 11 Pro,4.5,4,64,6.3,64,48,6500,899
447,  Oppo  A9,4.5,4,64,6.4,64,48,6500,699
448,  Apple iPhone 11 Pro,,,64,6.3,64,48,6500,899
449,  Samsung  Galaxy A70,,4,64,6.4,48,32,5500,609
450,  Oppo  A9,4.1,4,64,,,48,,699
451,  Vivo  V21,3.6,4,64,6,48,32,5500,849
452,  Redmi A9,4.2,6,,6.1,48,32,4000,499
453,  Nokia  216,4.6,4,32,3.4,12,,2500,199
454,  Nokia  216,4.2,,32,3.4,12,8,2500,199
455,  Nokia  216,3.9,4,32,3.4,12,8,2500,199
456,  Oppo  A9,3.9,8,128,6.4,64,48,6500,799
457,  Nokia  216,4.1,4,32,3.4,12,8,2500,199
458,  Apple iPhone 11 Pro,3.6,4,64,,64,48,6500,899
459,Oppo  A17,3.6,4,64,6.4,64,48,6500,649
460,  Redmi A9,3.8,6,128,6.1,48,32,4000,499
461,  Samsung  Galaxy A70,4.1,4,64,6.4,,32,5500,609
462,  Samsung  Galaxy A50,3.9,4,,6.4,48,32,5500,609
463,  Nokia  216,4.3,4,32,3.4,12,,2500,199
464,  Nokia  415,4.3,2,24,3.7,16,12,3000,249
465,  Apple iPhone 11,,4,128,6.1,48,24,,899
466,  Nokia  216,3.9,,32,3.4,12,8,2500,199
467,  Vivo  Y81,,4,48,5.8,64,48,5300,750
468,  Nokia  415,4.3,2,24,3.7,16,,3000,249
469,  Vivo  Y81,4.1,4,48,,,48,5300,750
470,  Vivo  V21,3.4,4,,6,48,32,5500,849
471,  Apple iPhone 11 Pro,4.5,4,64,6.3,64,48,6500,899
472,  Apple iPhone 11 Pro,4.2,4,64,6.3,64,48,,899
473,  Redmi A9,4.4,6,128,6.1,48,32,4000,499
474,  Oppo  A9,4.4,8,128,6.4,64,48,6500,799
475,  Vivo  Y81,4,4,48,5.8,64,48,5300,750
476,  Apple iPhone 11,3.8,4,128,6.1,48,24,5500,899
477,Oppo  A17,4.7,4,64,6.4,64,48,6500,649
478,  Vivo  Y81,4.6,4,48,,,48,,750
479,  Vivo  V21,4.4,8,128,6,48,,5500,899
480,Redmi K20,3.6,,64,6.1,48,24,5000,719
481,  Redmi A9,3.8,6,,6.1,48,32,4000,499
482,  Redmi A9,4.4,6,128,6.1,48,32,4000,499
483,  Samsung  Galaxy S20+,3.7,4,128,6.5,64,48,,849
484,  Redmi A9,3.5,6,128,6.1,48,32,4000,499
485,  Vivo  V21,3.8,8,128,6,,32,5500,899
486,  Apple iPhone 11,3.8,4,128,6.1,48,24,5500,899
487,Redmi K20,4.5,4,,6.1,48,24,5000,719
488,  Redmi A9,4.7,,128,,48,,4000,499
489,  Redmi A9,4.7,6,128,6.1,48,32,,499
490,  Samsung  Galaxy A50,4.1,4,64,6.4,48,32,5500,609
491,  Apple iPhone 11 Pro,3.6,4,64,6.3,64,48,6500,899
492,  Vivo  V21,4.2,8,128,6,48,32,5500,899
493,  Samsung  Galaxy A50,4.4,4,64,6.4,48,32,,609
494,  Vivo  Y81,3.6,,,5.8,,48,5300,750
495,  Redmi A9,4.5,6,128,6.1,48,32,4000,499
496,  Oppo  A9,4.2,8,128,6.4,64,,6500,799
497,Oppo  A17,4.3,4,64,6.4,64,48,6500,649
498,Oppo  A17,4.5,4,64,,64,48,,649
499,  Apple iPhone 11,4.6,4,128,6.1,48,24,5500,899
500,  Apple iPhone 11 Pro,4.1,4,64,6.3,64,48,6500,899
501,Oppo  A17,3.8,4,64,6.4,64,48,6500,649
502,  Samsung  Galaxy A70,3.8,4,64,6.4,48,32,5500,609
503,  Apple iPhone 11 Pro,4.4,4,64,6.3,64,48,6500,899
504,  Samsung  Galaxy A70,3.9,,64,6.4,,,,609
505,  Vivo  Y81,4.7,4,48,5.8,64,48,5300,750
506,  Nokia  415,4.3,2,24,,16,12,3000,249
507,Oppo  A17,4.4,4,64,6.4,64,48,6500,649
508,  Apple iPhone 11,,4,128,6.1,48,24,5500,899
509,  Apple iPhone 11,4.2,,128,6.1,48,24,5500,899
510,  Apple iPhone 12,4.3,4,,6.2,36,24,6000,749
511,  Nokia  216,4.4,4,32,3.4,12,,2500,199
512,  Nokia  216,,4,32,3.4,12,8,2500,199
513,Oppo  A17,3.9,4,64,6.4,64,48,6500,649
514,  Vivo  V21,4,8,128,6,,32,5500,899
515,  Nokia  415,4.2,2,24,3.7,16,12,,249
516,  Nokia  216,3.9,4,32,3.4,12,8,2500,199
517,  Samsung  Galaxy A50,3.9,,64,6.4,48,32,5500,609
518,Redmi K20,3.9,4,64,6.1,48,24,5000,719
519,  Vivo  Y81,4.5,4,48,5.8,64,48,5300,750
520,  Redmi A9,4,6,128,,48,32,4000,499
521,  Samsung  Galaxy A70,3.8,4,64,6.4,48,,5500,609
522,Oppo  A17,4.3,4,64,6.4,64,48,6500,649
523,  Oppo  A9,4.5,8,128,6.4,64,48,6500,799
524,  Samsung  Galaxy A50,3.9,4,,6.4,48,32,5500,609
525,  Apple iPhone 12,4.2,4,64,6.2,36,24,6000,749
526,Oppo  A17,4,4,64,6.4,,48,6500,649
527,  Vivo  V21,3.9,8,,6,48,32,5500,899
528,  Oppo  A9,3.6,8,128,6.4,64,48,6500,799
529,  Redmi A9,3.6,6,128,6.1,48,32,4000,499
530,Oppo  A17,3.8,4,64,6.4,64,48,6500,649
531,  Apple iPhone 12,4.1,4,64,6.2,36,24,6000,749
532,Oppo  A17,3.9,4,64,6.4,,48,6500,649
533,  Redmi A9,4.1,6,128,6.1,48,32,4000,499
534,  Nokia  216,4.1,4,32,3.4,12,8,2500,199
535,  Samsung  Galaxy S20+,4.3,4,128,6.5,64,48,7000,849
536,  Redmi A9,4.3,6,128,6.1,48,32,4000,499
537,  Apple iPhone 11 Pro,4.3,,,6.3,64,48,6500,899
538,  Redmi A9,3.9,6,128,6.1,48,32,4000,499
539,  Vivo  Y81,,4,48,5.8,64,48,5300,750
540,  Vivo  V21,3.9,8,128,6,48,32,5500,899
541,  Nokia  216,,4,32,3.4,12,8,2500,199
542,  Apple iPhone 11,4.2,4,128,6.1,48,24,5500,899
543,  Nokia  216,4.5,4,32,3.4,12,8,2500,199
544,Oppo  A17,4.3,,,6.4,64,48,6500,649
545,  Apple iPhone 11 Pro,3.4,4,64,6.3,64,48,6500,899
546,Oppo  A17,4.1,4,64,6.4,64,48,,649
547,  Samsung  Galaxy S20+,4,4,128,,64,,7000,849
548,  Samsung  Galaxy A70,3.8,4,,6.4,48,32,5500,609
549,Oppo  A17,4.7,4,64,6.4,64,48,6500,649
550,  Samsung  Galaxy A50,3.7,,64,6.4,48,32,5500,609
551,  Apple iPhone 12,4.4,4,64,6.2,,24,6000,749
552,  Samsung  Galaxy A50,3.5,4,64,6.4,48,32,5500,609
553,  Oppo  A9,4.5,8,128,6.4,64,48,6500,799
554,  Oppo  A9,3.8,8,128,6.4,64,48,6500,799
555,  Redmi A9,3.8,6,,6.1,48,32,4000,499
556,  Samsung  Galaxy A70,4.5,4,64,6.4,48,32,,609
557,  Nokia  216,3.8,4,32,3.4,12,8,2500,199
558,  Nokia  415,4.7,2,24,,16,,3000,249
559,  Oppo  A9,3.9,8,128,6.4,64,48,6500,799
560,Oppo  A17,3.9,4,64,6.4,64,48,6500,649
561,  Vivo  V21,4.7,8,128,6,48,32,5500,899
562,  Oppo  A9,4.1,8,128,6.4,64,48,,799
563,  Nokia  415,4.1,2,24,3.7,16,12,3000,249
564,  Apple iPhone 12,4.6,4,64,6.2,36,24,6000,749
565,Redmi K20,4.2,4,64,6.1,48,24,5000,719
566,  Nokia  415,3.6,2,24,3.7,16,12,3000,249
567,  Nokia  415,3.6,2,24,3.7,16,12,3000,249
568,  Oppo  A9,4.4,8,128,6.4,64,48,6500,799
569,Oppo  A17,4.3,4,64,6.4,64,48,6500,649
570,  Nokia  216,4.5,4,32,3.4,12,8,2500,199
571,  Samsung  Galaxy A70,4.2,4,64,6.4,48,32,5500,609
572,  Oppo  A9,3.7,8,128,6.4,64,48,6500,799
573,  Nokia  216,3.9,4,32,3.4,12,8,2500,199
574,  Nokia  216,,4,32,3.4,12,8,2500,199
575,  Nokia  216,4.4,4,32,3.4,12,8,2500,199
576,  Oppo  A9,,8,128,6.4,64,48,6500,799
577,  Nokia  415,4,2,24,3.7,16,12,3000,249
578,  Apple iPhone 11 Pro,3.9,4,64,6.3,64,48,6500,899
579,Oppo  A17,4.5,4,64,6.4,64,48,6500,649
580,Oppo  A17,4.1,4,64,,64,48,6500,649
581,  Samsung  Galaxy S20+,4.6,4,128,6.5,,48,7000,849
582,  Apple iPhone 11 Pro,4.6,4,64,6.3,64,48,6500,899
583,  Apple iPhone 11 Pro,3.5,4,64,6.3,64,48,6500,899
584,  Samsung  Galaxy A70,4.5,4,,6.4,48,32,5500,609
585,  Samsung  Galaxy A70,4.6,,64,6.4,48,,5500,609
586,  Apple iPhone 11,4.5,4,128,6.1,48,24,5500,899
587,  Apple iPhone 11,4.5,4,128,6.1,48,24,5500,899
588,  Vivo  V21,4.4,8,,6,48,32,,899
589,Redmi K20,3.9,4,64,,48,,5000,719
590,  Samsung  Galaxy A70,4.5,4,64,6.4,48,32,5500,609
591,  Vivo  Y81,4.4,4,48,5.8,64,48,5300,750
592,  Vivo  V21,4.5,,128,6,48,32,5500,899
593,  Samsung  Galaxy S20+,4.4,4,128,6.5,64,48,7000,849
594,  Samsung  Galaxy S20+,4,4,128,6.5,,48,7000,849
595,Oppo  A17,4.1,4,64,6.4,64,48,6500,649
596,  Oppo  A9,3.8,8,128,6.4,64,48,,799
597,  Samsung  Galaxy A50,3.8,4,64,6.4,48,,5500,609
598,  Nokia  415,4.5,4,32,3.7,16,12,3000,299
599,  Apple iPhone 11 Pro,4.7,4,,6.3,64,48,6500,899
600,  Vivo  V21,4.1,8,128,6,,32,5500,899
601,  Vivo  Y81,4,4,48,5.8,64,48,5300,750
602,Redmi K20,3,4,64,6.1,48,24,,719
603,  Redmi A9,4.1,6,128,6.1,48,32,4000,499
604,  Apple iPhone 12,4.1,4,64,6.2,36,24,6000,749
605,  Apple iPhone 11,4.1,4,128,6.1,48,24,5500,899
606,Oppo  A17,4.5,4,64,6.4,64,48,6500,649
607,  Samsung  Galaxy A50,4.5,4,64,6.4,48,32,5500,609
608,  Nokia  415,4.3,4,32,3.7,16,12,3000,299
609,  Vivo  Y81,4.4,4,48,5.8,64,48,5300,750
610,  Samsung  Galaxy S20+,4.4,4,128,6.5,64,48,7000,849
611,  Oppo  A9,,8,128,6.4,64,48,6500,799
612,  Vivo  Y81,3.9,4,48,5.8,64,48,5300,750
613,  Nokia  415,3.9,4,32,3.7,16,12,3000,299
614,  Vivo  Y81,4.4,4,48,5.8,64,48,5300,750
615,  Vivo  V21,4.3,8,128,6,48,32,5500,899
616,  Nokia  415,4.5,4,32,3.7,16,12,3000,299
617,  Apple iPhone 12,3.9,4,64,6.2,36,24,6000,749
618,  Samsung  Galaxy A50,4.3,,64,6.4,48,32,5500,609
619,  Redmi A9,4.1,6,128,6.1,48,32,4000,499
620,  Apple iPhone 11,3.7,4,128,6.1,,,,899
621,  Oppo  A9,4.3,8,128,6.4,64,48,6500,799
622,  Nokia  415,3.9,4,32,3.7,16,12,3000,299
623,Oppo  A17,4,4,64,6.4,64,48,6500,649
624,  Oppo  A9,4.4,8,128,6.4,64,48,6500,799
625,  Apple iPhone 11 Pro,3.6,,64,,64,48,6500,899
626,  Vivo  Y81,4.5,4,48,5.8,64,48,5300,750
627,  Vivo  Y81,4.1,6,64,5.8,,48,5300,850
628,  Apple iPhone 11 Pro,4.6,4,64,6.3,64,48,6500,899
629,  Redmi A9,4,6,128,6.1,48,32,,499
630,  Redmi A9,3.9,,128,6.1,48,,4000,499
631,  Oppo  A9,3.9,8,128,6.4,64,48,6500,799
632,  Samsung  Galaxy A50,4.5,4,64,6.4,48,32,5500,609
633,  Redmi A9,4.4,6,128,6.1,48,32,4000,499
634,  Apple iPhone 11 Pro,3.6,4,64,6.3,64,48,6500,899
635,  Redmi A9,4.4,6,128,6.1,,32,4000,499
636,Oppo  A17,4.4,4,64,,64,48,6500,649
637,  Nokia  216,3.5,4,32,3.4,12,8,2500,199
638,  Samsung  Galaxy A70,4.4,4,,6.4,48,32,5500,609
639,  Samsung  Galaxy A70,4.2,4,64,6.4,48,32,,609
640,  Vivo  V21,4.5,8,128,6,48,32,5500,899
641,  Samsung  Galaxy A70,3.4,,64,6.4,48,,5500,609
642,  Vivo  Y81,3.4,6,64,5.8,64,48,5300,850
643,  Samsung  Galaxy A70,4.5,4,64,6.4,48,32,5500,609
644,  Vivo  Y81,3.7,6,64,5.8,64,48,5300,850
645,  Oppo  A9,4.4,8,128,6.4,64,48,6500,799
646,  Oppo  A9,4.2,8,128,6.4,64,48,6500,799
647,  Vivo  V21,4.2,8,128,6,48,32,5500,899
648,  Nokia  415,4.2,4,32,3.7,16,12,3000,299
649,  Apple iPhone 12,3.6,4,64,6.2,36,24,6000,749
650,  Oppo  A9,3.9,8,128,6.4,64,48,6500,799
651,  Apple iPhone 11,4.1,4,128,6.1,48,24,5500,899
652,  Vivo  Y81,4.1,6,64,5.8,64,48,5300,850
653,  Nokia  216,4.1,,32,3.4,12,8,2500,199
654,  Nokia  216,4.3,4,,3.4,12,8,2500,199
655,  Samsung  Galaxy A70,3.7,4,64,,48,32,5500,609
656,Oppo  A17,4.6,4,64,6.4,,48,6500,649
657,  Apple iPhone 11 Pro,4.3,4,64,6.3,64,,6500,899
658,  Redmi A9,4.4,6,128,6.1,48,32,,499
659,Oppo  A17,4,4,64,6.4,64,48,6500,649
660,  Nokia  216,4.1,4,32,3.4,12,8,2500,199
661,  Apple iPhone 11 Pro,4.1,4,64,6.3,64,48,6500,899
662,Redmi K20,4.1,4,64,6.1,48,24,5000,719
663,  Samsung  Galaxy S20+,4,4,128,6.5,64,48,7000,849
664,  Apple iPhone 12,4.5,,,6.2,36,24,6000,749
665,Oppo  A17,4.5,4,64,,64,48,6500,649
666,  Nokia  415,3.8,4,32,3.7,16,12,3000,299
667,  Vivo  Y81,4.5,6,64,5.8,64,48,5300,850
668,  Samsung  Galaxy A70,4.5,4,64,6.4,48,,5500,609
669,  Samsung  Galaxy A70,3.9,4,64,6.4,48,32,,609
670,  Vivo  Y81,4.3,6,64,5.8,64,48,5300,850
671,Oppo  A17,4.5,4,,6.4,,48,6500,649
672,  Redmi A9,3.7,6,128,6.1,48,32,4000,499
673,Oppo  A17,4.5,,64,6.4,64,48,6500,649
674,  Samsung  Galaxy A50,4.1,4,64,6.4,48,32,5500,609
675,  Samsung  Galaxy A50,4.5,4,64,6.4,48,32,5500,609
676,  Samsung  Galaxy A70,4.1,4,64,6.4,48,32,5500,609
677,  Nokia  415,4.3,4,32,3.7,16,12,3000,299
678,  Vivo  V21,3.4,8,128,6,,32,5500,899
679,  Vivo  Y81,4.4,6,64,5.8,64,48,5300,850
680,  Redmi A9,4.5,6,128,6.1,48,,4000,499
681,  Samsung  Galaxy S20+,3.7,,128,6.5,64,48,,849
682,  Redmi A9,4.5,6,128,,48,32,4000,499
683,  Vivo  V21,4.4,8,,6,48,32,5500,899
684,  Samsung  Galaxy A50,4.5,4,64,6.4,48,32,5500,609
685,  Oppo  A9,3.9,8,128,6.4,64,48,6500,799
686,  Vivo  Y81,4.4,6,64,5.8,,48,5300,850
687,  Oppo  A9,3.8,8,128,6.4,64,48,6500,799
688,  Vivo  V21,3.8,8,128,6,48,32,5500,899
689,  Redmi A9,,6,128,6.1,48,32,4000,499
690,Oppo  A17,4.1,4,64,,64,48,6500,649
691,  Redmi A9,4.5,6,128,6.1,48,32,4000,499
692,  Redmi A9,3.8,6,128,6.1,48,32,4000,499
693,  Redmi A9,3.8,6,128,,48,32,,499
694,  Vivo  V21,3,8,,6,48,32,5500,899
695,Redmi K20,4.4,4,64,6.1,48,24,5000,719
696,  Redmi A9,3.4,6,128,6.1,48,,4000,499
697,  Redmi A9,3.4,6,128,6.1,,32,4000,499
698,  Samsung  Galaxy A70,4,4,64,6.4,48,32,,609
699,  Nokia  216,4.4,4,,3.4,12,8,2500,199
700,Oppo  A17,4.2,,64,,64,48,6500,649
701,  Nokia  216,4.6,4,32,3.4,12,8,2500,199
702,  Nokia  216,4.6,4,32,3.4,12,8,2500,199
703,  Samsung  Galaxy A50,3.5,4,64,6.4,48,32,5500,609
704,  Nokia  415,3.5,4,32,3.7,16,,3000,299
705,  Samsung  Galaxy A70,4,4,64,6.4,48,32,,609
706,  Apple iPhone 11,4.1,4,128,6.1,48,24,5500,899
707,  Vivo  Y81,3.6,6,64,5.8,,48,5300,850
708,  Nokia  216,4.3,4,32,3.4,12,8,2500,199
709,  Apple iPhone 11 Pro,4.4,4,64,6.3,64,48,6500,899
710,  Apple iPhone 11 Pro,3.9,4,64,6.3,,,6500,899
711,  Apple iPhone 12,4.4,4,64,6.2,36,24,6000,749
712,  Nokia  216,3.9,4,32,3.4,12,8,2500,199
713,Redmi K20,3.9,4,64,6.1,48,24,5000,719
714,  Oppo  A9,3.6,,128,6.4,64,48,6500,799
715,  Samsung  Galaxy A50,3.7,4,64,6.4,48,32,5500,609
716,  Nokia  216,3.7,4,32,3.4,12,8,2500,199
717,  Vivo  V21,4.3,8,128,6,48,32,5500,899
718,  Nokia  415,4.4,4,32,3.7,16,12,,299
719,  Redmi A9,4.5,6,128,6.1,48,32,4000,499
720,Redmi K20,3.4,4,64,6.1,48,24,5000,719
721,  Redmi A9,3.8,6,128,6.1,,32,4000,499
722,Redmi K20,3.8,,64,6.1,48,,5000,719
723,  Vivo  V21,3.8,8,,,48,32,5500,899
724,  Oppo  A9,3.9,8,128,6.4,64,48,6500,799
725,  Nokia  216,4.3,4,32,3.4,12,8,2500,199
726,  Apple iPhone 11 Pro,4.1,4,64,6.3,64,48,6500,899
727,  Vivo  Y81,4.5,6,64,5.8,64,48,5300,850
728,  Oppo  A9,3.5,8,128,6.4,64,48,6500,799
729,  Samsung  Galaxy A50,2.8,4,64,6.4,48,32,,609
730,  Oppo  A9,2.8,8,128,,64,48,6500,799
731,  Redmi A9,4.6,6,128,6.1,48,32,4000,499
732,  Vivo  Y81,4.6,6,64,5.8,64,,5300,850
733,  Nokia  415,4.5,4,,3.7,,12,3000,299
734,  Oppo  A9,3.9,8,128,6.4,64,48,6500,799
735,  Apple iPhone 11 Pro,4.5,4,64,6.3,64,48,6500,899
736,Oppo  A17,3.4,4,64,6.4,64,48,6500,649
737,  Apple iPhone 12,4.3,4,64,6.2,36,24,6000,749
738,  Redmi A9,4.5,6,128,6.1,48,32,4000,499
739,  Redmi A9,3.7,6,,6.1,48,32,4000,499
740,  Apple iPhone 11,4.2,4,128,6.1,48,24,5500,899
741,  Nokia  216,4.5,4,,3.4,12,8,2500,199
742,  Samsung  Galaxy S20+,4.1,,128,6.5,64,48,7000,849
743,  Oppo  A9,4.1,8,128,6.4,64,,6500,799
744,  Nokia  216,4.3,4,32,,,8,2500,199
745,  Nokia  415,4.3,4,32,3.7,16,12,,299
746,  Samsung  Galaxy S20+,3.4,8,256,6.5,64,48,7000,899
747,  Vivo  V21,4.4,8,128,6,48,32,5500,899
748,  Redmi A9,4.7,6,128,6.1,48,32,4000,499
749,Oppo  A17,4.5,4,64,6.4,64,48,6500,649
750,  Samsung  Galaxy A50,4.4,4,64,6.4,48,,5500,609
751,  Oppo  A9,,8,128,6.4,64,48,6500,799
752,  Apple iPhone 12,4.5,4,,6.2,36,24,6000,749
753,  Apple iPhone 11,4.5,4,128,,48,24,5500,899
754,  Redmi A9,4.4,6,128,6.1,48,32,4000,499
755,  Vivo  Y81,3.9,6,64,5.8,,48,5300,850
756,  Nokia  216,3.8,4,32,3.4,12,8,2500,199
757,  Nokia  415,3.8,,32,3.7,16,12,3000,299
758,  Redmi A9,,6,128,6.1,48,32,4000,499
759,  Apple iPhone 11 Pro,4.1,4,64,6.3,64,48,,899
760,  Apple iPhone 11 Pro,4.5,4,64,6.3,64,,6500,899
761,  Oppo  A9,4.6,8,128,6.4,64,48,6500,799
762,  Apple iPhone 12,4.5,4,64,6.2,36,24,6000,749
763,  Redmi A9,4.1,6,128,6.1,48,32,4000,499
764,  Samsung  Galaxy S20+,4.5,8,256,6.5,64,48,7000,899
765,  Vivo  V21,4.5,8,128,6,48,32,5500,899
766,  Samsung  Galaxy A50,3.7,4,64,6.4,48,32,5500,609
767,  Vivo  Y81,3.8,6,64,5.8,64,48,5300,850
768,  Apple iPhone 12,4,6,128,6.2,36,24,6000,849
769,  Nokia  415,4.2,4,32,3.7,16,12,3000,299
770,  Nokia  216,3.8,4,32,3.4,12,8,2500,199
771,  Nokia  415,4.7,4,32,3.7,16,12,3000,299
772,  Oppo  A9,4.7,,128,6.4,64,48,6500,799
773,  Oppo  A9,4.6,8,128,6.4,,48,6500,799
774,Oppo  A17,4.1,4,64,6.4,64,48,6500,649
775,  Redmi A9,4.2,6,128,6.1,48,32,4000,499
776,  Oppo  A9,4.1,8,128,,64,48,,799
777,  Nokia  216,4.2,4,32,3.4,12,,2500,199
778,  Oppo  A9,4.2,8,128,6.4,64,48,6500,799
779,  Vivo  V21,4.2,8,128,6,48,32,5500,899
780,  Nokia  216,3.5,4,32,3.4,12,8,2500,199
781,  Vivo  Y81,3.5,6,64,5.8,64,48,5300,850
782,Oppo  A17,3.6,4,64,6.4,64,48,6500,649
783,  Redmi A9,3.8,6,128,,48,32,4000,499
784,Redmi K20,3.7,4,64,6.1,48,24,5000,719
785,  Apple iPhone 12,,,128,6.2,36,24,6000,849
786,  Vivo  Y81,,6,64,5.8,64,48,5300,850
787,Redmi K20,,4,64,6.1,48,24,5000,719
788,  Samsung  Galaxy S20+,,8,256,6.5,,48,,899
789,  Nokia  415,3.9,4,32,,16,12,3000,299
790,  Nokia  415,4.3,4,,3.7,16,12,3000,299
791,Oppo  A17,4.3,4,64,6.4,64,48,6500,649
792,  Samsung  Galaxy S20+,4.5,8,256,6.5,64,,7000,899
793,  Oppo  A9,4.2,8,128,6.4,64,48,6500,799
794,Redmi K20,4.1,4,64,6.1,48,24,5000,719
795,  Nokia  415,4.3,4,32,3.7,16,12,3000,299
796,Oppo  A17,4.5,4,64,6.4,64,48,6500,649
797,  Nokia  415,3.4,4,32,3.7,16,12,3000,299
798,  Apple iPhone 12,4.1,6,128,6.2,36,24,6000,849
799,  Nokia  216,4.4,4,32,3.4,12,8,2500,199
800,  Samsung  Galaxy A50,4.2,4,64,6.4,48,32,5500,609
801,  Vivo  Y81,4.4,6,64,5.8,64,48,5300,850
802,  Samsung  Galaxy A70,4.1,4,64,6.4,48,32,5500,609
803,  Samsung  Galaxy S20+,3.8,8,256,6.5,64,48,7000,899
804,  Nokia  415,4,4,32,3.7,16,12,3000,299
805,  Vivo  Y81,3.5,,64,5.8,64,48,5300,850
806,  Vivo  V21,4.7,8,128,6,48,32,5500,899
807,  Apple iPhone 12,4.4,6,128,6.2,36,24,6000,849
808,  Oppo  A9,4.6,8,128,6.4,64,48,6500,799
809,  Nokia  415,4.1,4,32,3.7,16,12,,299
810,  Apple iPhone 12,3.6,6,128,6.2,36,24,6000,849
811,  Oppo  A9,4.3,8,128,,64,48,6500,799
812,  Nokia  415,3.9,4,32,3.7,16,12,3000,299
813,  Vivo  Y81,4.3,6,64,5.8,,48,5300,850
814,Oppo  A17,4.1,4,64,6.4,64,48,6500,649
815,  Samsung  Galaxy A70,4.2,4,64,6.4,48,32,5500,609
816,  Samsung  Galaxy A50,4.5,4,64,6.4,48,32,5500,609
817,  Nokia  415,3.4,4,32,3.7,16,12,3000,299
818,  Vivo  Y81,4.1,6,,5.8,64,48,5300,850
819,  Samsung  Galaxy S20+,4.2,8,256,6.5,64,,,899
820,  Samsung  Galaxy A70,4.4,4,64,6.4,48,32,5500,609
821,Oppo  A17,4.4,4,64,6.4,64,48,6500,649
822,Oppo  A17,4,4,64,6.4,64,48,6500,649
823,  Apple iPhone 11 Pro,3.8,4,64,6.3,,48,6500,899
824,  Nokia  415,4.1,4,32,3.7,16,12,3000,299
825,  Vivo  V21,3.5,8,128,6,48,32,5500,899
826,  Vivo  Y81,4.7,6,64,5.8,64,48,,850
827,  Nokia  415,4.6,4,32,3.7,16,12,3000,299
828,  Vivo  V21,4.4,8,128,,48,32,5500,899
829,Oppo  A17,3.6,4,64,6.4,64,48,6500,649
830,  Apple iPhone 11 Pro,3.8,4,64,6.3,64,48,6500,899
831,  Samsung  Galaxy A70,4.1,4,64,6.4,48,32,5500,609
832,  Samsung  Galaxy A70,4.4,4,64,6.4,48,32,5500,609
833,  Samsung  Galaxy A50,3.7,,64,6.4,48,32,5500,609
834,  Samsung  Galaxy A70,3.5,4,64,6.4,48,32,5500,609
835,  Nokia  216,4.3,4,32,3.4,12,8,2500,199
836,  Samsung  Galaxy A50,4.4,8,,6.4,48,32,5500,649
837,  Apple iPhone 11 Pro,4.3,4,64,6.3,64,48,6500,899
838,  Nokia  216,4.3,4,32,3.4,,8,2500,199
839,  Vivo  Y81,4.5,,64,5.8,64,48,5300,850
840,  Samsung  Galaxy A50,4.3,8,128,6.4,48,32,5500,649
841,  Vivo  Y81,4.4,6,64,5.8,64,,5300,850
842,Oppo  A17,3.4,4,64,6.4,64,48,6500,649
843,  Samsung  Galaxy A70,3.4,4,64,6.4,48,32,,609
844,  Samsung  Galaxy A70,4.4,4,64,6.4,48,32,5500,609
845,Redmi K20,4.4,4,64,6.1,,24,5000,719
846,  Vivo  V21,4.4,8,128,,,32,5500,899
847,  Nokia  216,4.3,4,32,3.4,12,8,2500,199
848,  Apple iPhone 11 Pro,4.3,4,128,6.3,64,48,6500,999
849,Oppo  A17,4.3,4,,6.4,64,48,,649
850,  Apple iPhone 11 Pro,4.5,4,128,6.3,64,48,6500,999
851,  Apple iPhone 11,3.4,4,256,6.1,48,24,5500,999
852,  Vivo  Y81,4.3,6,64,5.8,64,48,5300,850
853,Redmi K20,4.3,4,64,6.1,48,24,5000,719
854,  Redmi A9,4.4,6,128,6.1,48,32,4000,499
855,Redmi K20,4.5,4,64,6.1,48,24,5000,719
856,  Samsung  Galaxy A50,4.7,8,128,6.4,48,32,,649
857,  Nokia  415,4.5,4,32,3.7,16,12,3000,299
858,Redmi K20,4.4,4,64,6.1,48,24,5000,719
859,  Nokia  216,4.7,4,32,3.4,12,8,2500,199
860,  Samsung  Galaxy A70,4.7,4,64,6.4,48,32,5500,609
861,  Samsung  Galaxy A50,4.7,8,128,6.4,48,32,5500,649
862,  Oppo  A9,,8,128,6.4,64,48,6500,799
863,  Oppo  A9,4.4,8,128,6.4,64,48,6500,799
864,  Redmi A9,4.3,6,128,6.1,48,32,4000,499
865,  Nokia  216,4.5,4,32,3.4,12,8,2500,199
866,  Apple iPhone 11 Pro,3.4,6,128,6.3,64,48,6500,999
867,  Vivo  Y81,4.3,6,,5.8,64,48,5300,850
868,  Apple iPhone 12,3.4,6,128,6.2,36,24,6000,849
869,  Samsung  Galaxy S20+,4.5,8,256,6.5,64,48,7000,899
870,  Nokia  216,3.4,4,32,3.4,,8,2500,199
871,  Nokia  216,4.7,4,32,3.4,12,8,,199
872,  Nokia  216,,4,32,3.4,12,8,2500,199
873,  Vivo  V21,3.4,8,128,6,48,32,5500,899
874,  Samsung  Galaxy S20+,4.3,8,256,6.5,64,48,7000,899
875,Redmi K20,3.4,4,64,,48,24,5000,719
876,  Vivo  V21,4.3,,128,6,48,,5500,899
877,  Samsung  Galaxy A70,4.4,4,64,6.4,48,32,,609
878,  Vivo  V21,4.4,8,128,,48,32,5500,899
879,  Samsung  Galaxy A50,4.3,8,128,6.4,48,32,5500,649
880,  Vivo  Y81,4.4,6,64,5.8,64,48,5300,850
881,Oppo  A17,4.3,4,64,6.4,64,48,6500,649
882,  Apple iPhone 12,4.3,6,128,6.2,36,24,6000,849
883,  Oppo  A9,4.3,8,128,6.4,64,48,6500,799
884,Redmi K20,4.4,4,,6.1,48,24,5000,719
885,  Apple iPhone 12,4,6,128,6.2,,24,6000,849
886,  Apple iPhone 12,4.3,,128,6.2,36,24,6000,849
887,  Samsung  Galaxy A50,4,8,128,6.4,48,32,5500,649
888,Oppo  A17,4.4,4,64,,64,48,,649
889,  Nokia  415,4.4,4,32,3.7,16,12,3000,299
890,  Apple iPhone 11,4.1,4,,6.1,48,24,5500,999
891,  Apple iPhone 12,4.3,,128,6.2,36,24,6000,849
892,  Apple iPhone 12,4.2,6,128,6.2,36,24,6000,849
893,Oppo  A17,4.7,4,64,6.4,64,48,6500,649
894,  Apple iPhone 11 Pro,4.3,6,128,6.3,64,48,6500,999
895,  Apple iPhone 12,3.9,6,128,6.2,36,24,6000,849
896,  Nokia  216,3.9,4,32,3.4,12,8,2500,199
897,  Oppo  A9,3.6,8,128,6.4,64,48,6500,799
898,Redmi K20,4.4,4,64,6.1,48,24,5000,719
899,  Nokia  216,4,4,32,3.4,12,8,2500,199
900,  Vivo  V21,3.7,8,128,6,48,32,5500,899
901,  Samsung  Galaxy S20+,4.3,8,256,6.5,64,48,7000,899
902,Redmi K20,4.1,4,64,6.1,48,24,5000,719
903,  Apple iPhone 11,4.1,4,256,6.1,48,24,5500,999
904,Redmi K20,3.8,4,64,6.1,48,24,5000,719
905,  Samsung  Galaxy S20+,4.6,8,256,6.5,64,48,7000,899
906,  Vivo  V21,4.4,8,128,6,48,32,5500,899
907,  Vivo  Y81,3.8,6,,5.8,64,48,5300,850
908,  Nokia  415,3.8,,32,3.7,16,12,3000,299
909,  Samsung  Galaxy S20+,3.6,8,256,6.5,,48,7000,899
910,Redmi K20,4.4,4,64,6.1,48,24,5000,719
911,  Apple iPhone 11 Pro,3.8,6,128,,64,48,,999
912,  Samsung  Galaxy A50,3.7,8,128,6.4,48,32,5500,649
913,Redmi K20,3.4,4,,6.1,48,24,5000,719
914,Redmi K20,4.5,4,64,6.1,48,,5000,719
915,  Samsung  Galaxy A50,4.6,8,128,6.4,48,32,5500,649
916,  Nokia  415,4.1,4,32,3.7,16,12,3000,299
917,Redmi K20,4,4,64,6.1,48,24,5000,719
918,  Samsung  Galaxy S20+,3.7,8,256,6.5,64,48,7000,899
919,  Samsung  Galaxy S20+,4.2,8,256,6.5,64,,7000,899
920,Redmi K20,4,,64,6.1,48,24,5000,719
921,  Samsung  Galaxy S20+,4.4,8,256,6.5,64,48,7000,899
922,  Samsung  Galaxy A70,3.6,4,,6.4,,32,5500,609
923,Redmi K20,3.6,4,64,6.1,48,24,5000,719
924,  Apple iPhone 11,3.5,4,256,6.1,48,24,5500,999
925,  Oppo  A9,4,,128,6.4,64,48,,799
926,Oppo  A17,3.5,4,64,,,48,6500,649
927,  Oppo  A9,3.7,8,128,6.4,64,,6500,799
928,  Samsung  Galaxy S20+,4.5,8,256,6.5,64,48,7000,899
929,  Vivo  V21,4.1,8,128,6,48,32,5500,899
930,  Redmi A9,4,6,128,6.1,48,32,4000,499
931,  Vivo  Y81,3.9,6,64,5.8,64,48,5300,850
932,Oppo  A17,3.5,4,64,6.4,64,48,6500,649
933,  Samsung  Galaxy S20+,3.6,8,256,6.5,64,48,7000,899
934,  Nokia  415,4.6,4,32,3.7,16,12,3000,299
935,  Samsung  Galaxy A70,4.6,4,64,6.4,48,32,5500,609
936,Redmi K20,,4,64,6.1,48,24,5000,719
937,  Oppo  A9,4.4,8,128,6.4,64,48,6500,799
938,  Apple iPhone 12,3.9,6,128,6.2,36,24,6000,849
939,Oppo  A17,3.4,4,64,6.4,64,48,6500,649
940,  Samsung  Galaxy A50,,8,128,6.4,48,32,5500,649
941,  Vivo  V21,4.4,8,128,6,48,32,5500,899
942,Redmi K20,3.6,4,64,,48,24,5000,719
943,  Apple iPhone 12,4.4,,128,6.2,36,24,6000,849
944,  Vivo  Y81,4.2,6,64,5.8,64,48,5300,850
945,  Vivo  Y81,4,6,64,5.8,64,48,5300,850
946,  Samsung  Galaxy A50,4.3,8,128,6.4,,32,,649
947,  Nokia  415,4.1,4,32,3.7,16,12,3000,299
948,  Nokia  415,4.6,4,32,3.7,16,12,3000,299
949,  Vivo  V21,3.6,8,,6,48,32,5500,899
950,  Oppo  A9,4.3,8,128,6.4,64,48,6500,799
951,  Apple iPhone 11,3.8,,256,,48,24,5500,999
952,Redmi K20,3.8,4,64,6.1,,24,5000,719
953,  Vivo  V21,4.5,8,128,6,48,,5500,899
954,  Nokia  415,4.7,4,32,3.7,16,12,3000,299
955,  Apple iPhone 11,3.8,4,256,6.1,48,24,5500,999
956,  Nokia  415,3.6,4,32,3.7,16,12,3000,299
957,  Vivo  Y81,4.1,6,64,5.8,64,48,5300,850
958,  Samsung  Galaxy A50,4.4,8,128,6.4,48,32,5500,649
959,  Samsung  Galaxy S20+,3.7,8,256,6.5,64,48,7000,899
960,  Apple iPhone 11,4.3,4,256,6.1,48,24,5500,999
961,  Nokia  415,4.1,4,32,3.7,16,12,3000,299
962,  Redmi A9,4.3,6,128,6.1,48,32,4000,499
963,  Vivo  Y81,3.8,6,64,5.8,,48,5300,850
964,  Samsung  Galaxy A70,3.6,,64,6.4,48,,5500,609
965,  Apple iPhone 12,3.8,6,128,6.2,36,24,6000,849
966,  Samsung  Galaxy S20+,4.1,8,256,6.5,64,48,7000,899
967,Redmi K20,4.6,4,64,6.1,48,24,5000,719
968,  Apple iPhone 12,3.6,6,128,,36,24,6000,849
969,Redmi K20,4.1,4,64,6.1,48,24,5000,719
970,  Apple iPhone 12,4.5,6,128,6.2,36,24,6000,849
971,  Samsung  Galaxy A50,4.2,,128,6.4,48,32,5500,649
972,  Nokia  216,4,4,32,3.4,12,8,,199
973,  Samsung  Galaxy A70,4.3,4,64,6.4,48,,5500,609
974,  Vivo  V21,3.9,8,,6,,32,5500,899
975,  Nokia  415,3.6,4,32,3.7,16,12,3000,299
976,  Apple iPhone 11 Pro,4,6,128,6.3,,48,6500,999
977,  Nokia  415,4.4,,32,3.7,16,12,3000,299
978,  Nokia  415,3.6,4,32,3.7,16,12,3000,299
979,  Apple iPhone 12,3.9,6,128,6.2,36,24,6000,849
980,  Apple iPhone 12,4,6,128,6.2,36,24,6000,849
981,  Nokia  415,3.4,4,32,3.7,16,,3000,299
982,  Apple iPhone 12,4.2,6,128,6.2,36,24,6000,849
983,  Nokia  415,3.8,4,32,3.7,16,12,,299
984,  Apple iPhone 11,3.5,,256,6.1,48,24,5500,999
985,  Apple iPhone 11 Pro,3.6,6,128,6.3,64,48,6500,999
986,  Apple iPhone 12,3.9,6,128,6.2,36,24,6000,849
987,  Redmi A9,4.2,6,128,6.1,48,32,4000,499
988,  Redmi A9,4.5,6,128,,48,32,4000,499
989,  Vivo  V21,4.3,8,128,6,48,32,5500,899
990,  Redmi A9,3.6,6,128,6.1,,32,4000,499
991,  Oppo  A9,3.4,8,128,6.4,64,48,6500,799
992,  Nokia  415,4.4,4,32,3.7,16,12,3000,299
993,  Apple iPhone 11 Pro,,6,128,6.3,64,48,6500,999
994,  Nokia  415,4.7,4,32,3.7,16,12,3000,299
995,  Apple iPhone 12,3.6,6,128,6.2,36,24,6000,849
996,  Vivo  Y81,4.4,6,64,5.8,64,48,5300,850
997,  Nokia  216,4.4,4,32,3.4,12,8,2500,199
998,  Samsung  Galaxy A50,4,8,128,6.4,48,32,5500,649
999,  Vivo  V21,3.7,8,128,6,48,32,5500,899
1000,  Samsung  Galaxy A50,3.6,8,128,6.4,48,32,5500,649
1001,Redmi K20,4.6,4,64,6.1,48,24,,719
1002,  Nokia  415,3.6,4,32,3.7,16,12,3000,299
1003,Redmi K20,4,4,64,6.1,48,24,5000,719
1004,  Redmi A9,4.5,6,128,6.1,48,32,4000,499
1005,  Redmi A9,4.4,6,128,6.1,48,32,4000,499
1006,  Samsung  Galaxy A70,4.5,4,64,6.4,48,32,5500,609
1007,Oppo  A17,4.6,4,64,6.4,64,48,,649
1008,  Samsung  Galaxy S20+,3.9,8,256,6.5,64,48,7000,899
1009,  Oppo  A9,4.5,8,128,6.4,64,48,6500,799
1010,  Samsung  Galaxy S20+,4.3,8,256,6.5,64,48,7000,899
1011,  Nokia  216,4.2,4,32,3.4,12,8,2500,199
1012,  Samsung  Galaxy A70,4.5,4,64,6.4,48,32,5500,609
1013,  Vivo  Y81,3.8,6,64,5.8,64,48,5300,850
1014,Oppo  A17,4.5,4,64,6.4,64,48,6500,649
1015,  Vivo  Y81,3.8,6,64,5.8,64,48,5300,850
1016,Redmi K20,4.2,4,64,6.1,48,24,5000,719
1017,Redmi K20,3.6,4,64,6.1,48,24,5000,719
1018,  Apple iPhone 12,3.6,6,128,6.2,36,24,6000,849
1019,  Apple iPhone 11 Pro,4.3,6,128,6.3,64,48,6500,999
1020,Redmi K20,3.9,4,64,6.1,48,24,5000,719
1021,  Oppo  A9,4.3,8,128,6.4,64,48,6500,799
1022,  Oppo  A9,4.6,8,128,6.4,64,48,6500,799
1023,  Samsung  Galaxy A50,4.2,8,128,6.4,48,32,5500,649
1024,Redmi K20,3.9,4,64,6.1,48,24,,719
1025,Redmi K20,4.4,4,64,6.1,48,,5000,719
1026,  Vivo  Y81,4.7,,64,5.8,64,48,5300,850
1027,  Nokia  216,4.4,4,32,3.4,12,8,2500,199
1028,  Oppo  A9,3.6,8,,6.4,64,48,6500,799
1029,  Samsung  Galaxy A50,3.6,8,128,6.4,48,32,5500,649
1030,  Apple iPhone 11 Pro,4.6,6,128,,64,48,6500,999
1031,  Vivo  Y81,3.9,6,64,5.8,64,48,5300,850
1032,  Vivo  V21,4.4,8,128,6,48,32,5500,899
1033,  Samsung  Galaxy A70,4.1,4,64,6.4,48,32,5500,609
1034,  Vivo  V21,3.5,8,128,6,,32,,899
1035,  Redmi A9,4.3,6,128,6.1,48,32,4000,499
1036,  Vivo  V21,3.8,8,128,6,48,32,5500,899
1037,  Vivo  V21,4.1,8,128,6,48,32,5500,899
1038,  Nokia  216,3.9,4,32,3.4,12,8,2500,199
1039,  Samsung  Galaxy A50,3.7,8,128,6.4,48,32,5500,649
1040,  Samsung  Galaxy A70,3.7,8,128,6.4,48,32,5500,679
1041,Redmi K20,3.7,4,64,6.1,,24,5000,719
1042,  Oppo  A9,3.6,8,128,6.4,64,48,6500,799
1043,  Vivo  Y81,3.6,6,64,5.8,64,48,5300,850
1044,  Oppo  A9,3.6,8,128,6.4,64,48,6500,799
1045,  Samsung  Galaxy A50,4.1,8,128,6.4,48,,5500,649
1046,Redmi K20,4.2,4,64,6.1,48,24,5000,719
1047,  Vivo  Y81,4.6,6,,5.8,,48,,850
1048,  Samsung  Galaxy A50,3.7,8,128,6.4,48,,5500,649
1049,  Nokia  216,4.5,4,32,3.4,12,8,2500,199
1050,  Samsung  Galaxy A50,3.8,8,128,6.4,48,32,5500,649
1051,  Apple iPhone 11,4.5,6,256,6.1,48,24,5500,999
1052,  Vivo  Y81,4.1,6,64,5.8,64,48,5300,850
1053,  Apple iPhone 11,4.6,,256,6.1,48,24,5500,999
1054,Oppo  A17,4.2,8,128,6.4,64,48,6500,749
1055,  Nokia  415,3.6,4,32,3.7,16,12,3000,299
1056,  Samsung  Galaxy A50,3.7,8,128,,48,32,5500,649
1057,  Samsung  Galaxy S20+,3.8,8,256,6.5,64,48,7000,899
1058,  Nokia  415,4,4,32,3.7,16,12,3000,299
1059,  Samsung  Galaxy A50,4.3,8,128,6.4,48,32,,649
1060,Oppo  A17,4.1,8,128,6.4,64,,6500,749
1061,Redmi K20,4,4,64,6.1,,24,5000,719
1062,  Vivo  V21,3.7,8,128,6,48,32,,899
1063,  Redmi A9,4.5,6,128,6.1,48,32,4000,499
1064,  Oppo  A9,,8,128,6.4,64,48,6500,799
1065,  Redmi A9,4.2,6,128,6.1,48,32,4000,499
1066,  Apple iPhone 11,3.6,6,256,6.1,48,24,5500,999
1067,  Vivo  Y81,4.2,6,64,5.8,64,48,5300,850
1068,  Vivo  V21,4,8,128,6,48,32,5500,899
1069,  Vivo  V21,4.2,8,128,6,48,32,5500,899
1070,  Nokia  415,4.1,4,32,3.7,16,12,3000,299
1071,  Apple iPhone 12,4.4,6,128,6.2,36,24,6000,849
1072,Redmi K20,3.7,4,64,6.1,48,24,5000,719
1073,  Apple iPhone 12,4.2,6,128,6.2,36,24,,849
1074,  Apple iPhone 12,3.6,6,128,6.2,36,24,6000,849
1075,  Nokia  415,4.3,4,32,3.7,16,,3000,299
1076,  Apple iPhone 11,3.9,6,256,6.1,48,24,5500,999
1077,Redmi K20,4.2,4,,6.1,48,24,5000,719
1078,  Redmi A9,4.4,6,128,6.1,48,32,4000,499
1079,Redmi K20,4.2,8,128,6.1,48,24,5000,789
1080,  Redmi A9,4.5,6,128,6.1,,32,4000,499
1081,  Apple iPhone 11,3.7,6,256,6.1,,24,5500,999
1082,  Apple iPhone 12,3.8,6,128,6.2,36,24,6000,849
1083,  Nokia  216,3.8,4,32,3.4,12,8,2500,199
1084,  Apple iPhone 12,4.4,,128,6.2,36,24,,849
1085,  Samsung  Galaxy A70,4,8,128,6.4,48,32,5500,679
1086,  Samsung  Galaxy A70,3.9,8,128,6.4,48,32,5500,679
1087,  Vivo  V21,3.9,8,,,48,32,5500,899
1088,  Apple iPhone 11 Pro,4.5,6,128,6.3,64,48,6500,999
1089,  Vivo  V21,4.4,8,128,6,48,32,5500,899
1090,  Nokia  415,3.6,4,32,3.7,16,12,3000,299
1091,  Apple iPhone 11,4.4,6,256,6.1,48,,5500,999
1092,  Samsung  Galaxy A70,4.4,8,,6.4,,32,5500,679
1093,  Nokia  415,3.5,4,32,3.7,16,12,,299
1094,  Vivo  V21,4.4,8,128,,48,32,5500,899
1095,  Nokia  415,4.2,4,32,3.7,16,12,3000,299
1096,  Samsung  Galaxy A50,4.5,8,128,6.4,48,32,5500,649
1097,  Samsung  Galaxy A70,3.4,8,128,6.4,48,32,5500,679
1098,  Apple iPhone 11,3.4,6,256,6.1,48,24,5500,999
1099,Oppo  A17,4.5,8,128,6.4,64,48,6500,749
1100,  Vivo  V21,3.7,8,128,6,48,32,5500,899
1101,Oppo  A17,4.4,8,128,6.4,64,48,6500,749
1102,  Oppo  A9,4.2,8,128,6.4,64,48,6500,799
1103,  Samsung  Galaxy S20+,4.2,8,256,6.5,64,48,7000,899
1104,  Oppo  A9,4.2,8,128,6.4,64,48,6500,799
1105,  Samsung  Galaxy S20+,3.6,8,256,6.5,64,48,7000,899
1106,  Vivo  V21,3.9,8,128,6,48,32,5500,899
1107,  Oppo  A9,4.1,8,128,6.4,64,48,6500,799
1108,  Nokia  415,4,4,32,3.7,16,12,3000,299
1109,  Vivo  Y81,3.9,6,64,5.8,64,48,5300,850
1110,Redmi K20,3.9,8,128,6.1,48,24,5000,789
1111,  Vivo  V21,4.5,8,128,6,48,32,5500,899
1112,  Vivo  Y81,4.4,6,64,5.8,64,48,5300,850
1113,  Nokia  216,3.6,4,32,3.4,12,8,2500,199
1114,  Vivo  V21,4.4,8,128,6,48,,5500,899
1115,Redmi K20,4.4,8,128,6.1,48,24,5000,789
1116,  Vivo  Y81,3.5,6,,5.8,64,48,5300,850
1117,  Redmi A9,4.4,6,128,6.1,48,32,4000,499
1118,  Apple iPhone 12,4.2,6,128,6.2,36,24,6000,849
1119,  Apple iPhone 12,4.5,6,128,6.2,36,24,,849
1120,  Apple iPhone 11,3.4,6,256,6.1,,24,5500,999
1121,  Vivo  V21,3.4,8,128,,48,32,5500,899
1122,Redmi K20,4.5,8,128,6.1,48,24,5000,789
1123,Redmi K20,3.7,8,,6.1,48,24,5000,789
1124,  Nokia  415,4.4,,32,3.7,16,12,3000,299
1125,  Vivo  Y81,4.2,6,64,5.8,64,48,,850
1126,  Samsung  Galaxy A50,4.2,8,128,6.4,48,32,5500,649
1127,  Vivo  Y81,4.2,6,64,5.8,64,48,5300,850
1128,  Apple iPhone 11 Pro,3.6,6,128,6.3,,48,6500,999
1129,  Samsung  Galaxy A70,3.9,8,128,6.4,48,32,5500,679
1130,  Nokia  415,4.1,,32,3.7,16,12,3000,299
1131,  Nokia  216,4,4,32,3.4,12,,2500,199
1132,  Oppo  A9,4.6,8,128,6.4,64,48,6500,799
1133,  Redmi A9,3.8,6,128,,48,32,4000,499
1134,  Oppo  A9,4.1,,128,6.4,64,48,6500,799
1135,  Apple iPhone 12,3.9,6,128,6.2,,24,6000,849
1136,  Apple iPhone 11,4,6,,6.1,48,24,5500,999
1137,Oppo  A17,4.2,8,128,6.4,64,,6500,749
1138,  Vivo  V21,4.5,8,128,6,48,32,,899
1139,  Oppo  A9,4.4,8,128,6.4,64,48,6500,799
1140,Oppo  A17,4.5,8,128,6.4,64,48,6500,749
1141,  Oppo  A9,3.5,8,128,6.4,64,48,6500,799
1142,  Nokia  216,3.8,4,32,3.4,12,8,2500,199
1143,  Samsung  Galaxy A50,3.7,8,128,6.4,48,32,5500,649
1144,  Nokia  415,4.4,4,32,3.7,16,12,3000,299
1145,  Samsung  Galaxy A50,4.2,8,128,6.4,48,32,5500,649
1146,  Oppo  A9,3.6,8,128,6.4,64,48,6500,799
1147,  Nokia  216,4.6,4,32,3.4,12,8,2500,199
1148,  Nokia  415,3.9,4,32,3.7,16,12,3000,299
1149,  Nokia  415,4.3,4,32,3.7,16,12,3000,299
1150,  Samsung  Galaxy A50,3.8,8,128,6.4,48,32,5500,649
1151,  Nokia  216,4.7,4,32,3.4,12,,2500,199
1152,  Vivo  Y81,4.6,6,64,5.8,64,48,5300,850
1153,  Vivo  V21,4.2,8,,6,48,32,5500,899
1154,Redmi K20,4.5,8,128,6.1,48,24,,789
1155,  Oppo  A9,3.6,8,128,6.4,64,48,6500,799
1156,  Apple iPhone 11,4.6,6,256,6.1,,24,5500,999
1157,  Oppo  A9,4.6,8,128,,64,48,6500,799
1158,  Apple iPhone 11,4.3,6,256,6.1,48,24,5500,999
1159,  Samsung  Galaxy A50,3.5,8,128,6.4,48,32,5500,649
1160,Redmi K20,4.4,,,6.1,48,24,5000,789
1161,  Apple iPhone 12,4.1,6,128,6.2,36,24,6000,849
1162,  Redmi A9,4.6,6,128,6.1,48,32,4000,499
1163,  Samsung  Galaxy S20+,,8,256,6.5,64,48,7000,899
1164,  Apple iPhone 11 Pro,3.5,6,128,6.3,64,48,6500,999
1165,Redmi K20,4.4,8,128,,48,24,5000,789
1166,  Apple iPhone 11 Pro,4.3,6,128,6.3,64,48,6500,999
1167,Redmi K20,4.7,8,128,6.1,48,,5000,789
1168,  Vivo  V21,3.9,,128,6,,32,5500,899
1169,  Samsung  Galaxy A50,4.2,8,128,6.4,48,32,,649
1170,  Samsung  Galaxy S20+,4.4,8,,6.5,64,48,7000,899
1171,  Nokia  216,3.5,4,32,3.4,12,8,2500,199
1172,  Oppo  A9,4.6,8,128,6.4,64,48,6500,799
1173,  Redmi A9,4.3,6,128,6.1,48,32,4000,499
1174,  Nokia  216,3.5,4,32,3.4,12,8,2500,199
1175,  Apple iPhone 11 Pro,4.3,6,128,6.3,64,48,6500,999
1176,Oppo  A17,4.5,8,128,6.4,64,48,6500,749
1177,  Samsung  Galaxy A70,4.2,8,128,6.4,48,32,5500,679
1178,Redmi K20,4.3,8,128,6.1,48,24,5000,789
1179,Oppo  A17,4.6,8,128,6.4,64,48,6500,749
1180,  Redmi A9,3.7,6,128,6.1,48,32,4000,499
1181,Oppo  A17,4.7,8,128,6.4,64,48,6500,749
1182,Redmi K20,4.1,8,128,6.1,48,24,5000,789
1183,  Redmi A9,3.8,6,128,6.1,48,32,4000,499
1184,  Oppo  A9,4.1,8,128,6.4,64,48,6500,799
1185,  Apple iPhone 11,3.6,6,256,6.1,48,24,5500,999
1186,Redmi K20,4,8,128,6.1,48,24,5000,789
1187,  Nokia  216,3.8,4,32,3.4,12,8,2500,199
1188,  Vivo  V21,4.5,8,128,6,48,32,5500,899
1189,  Vivo  Y81,3.8,6,64,5.8,64,48,5300,850
1190,  Vivo  Y81,4.1,,64,5.8,64,48,5300,850
1191,  Samsung  Galaxy S20+,3.7,8,256,,,48,7000,899
1192,Redmi K20,3.7,8,128,6.1,48,,5000,789
1193,Redmi K20,4.2,8,,6.1,48,24,5000,789
1194,Oppo  A17,3.9,8,128,6.4,64,48,6500,749
1195,  Nokia  415,3.7,4,32,3.7,16,,3000,299
1196,  Apple iPhone 11 Pro,3.5,6,128,6.3,64,48,6500,999
1197,Oppo  A17,4.1,8,128,6.4,64,48,6500,749
1198,  Oppo  A9,4.3,8,128,,64,48,6500,799
1199,Redmi K20,3.6,8,128,6.1,48,24,5000,789
1200,  Nokia  415,4,4,32,3.7,16,12,3000,299
1201,  Nokia  216,,,32,3.4,12,8,2500,199
1202,  Vivo  Y81,,6,,5.8,64,48,5300,850
1203,  Samsung  Galaxy A70,4.3,8,128,6.4,48,32,5500,679
1204,  Nokia  415,3.4,4,32,3.7,,12,,299
1205,  Samsung  Galaxy A50,4,8,128,6.4,48,32,5500,649
1206,Redmi K20,3.8,8,128,6.1,48,24,5000,789
1207,  Nokia  216,4.3,4,32,3.4,12,8,2500,199
1208,  Samsung  Galaxy S20+,3.9,,256,,64,,7000,899
1209,  Nokia  415,4.4,4,32,3.7,,12,3000,299
1210,  Vivo  Y81,3.7,6,64,5.8,64,48,5300,850
1211,  Apple iPhone 12,3.7,6,128,6.2,36,24,6000,849
1212,  Samsung  Galaxy A70,4.6,8,128,6.4,48,32,5500,679
1213,  Oppo  A9,3.8,8,128,6.4,64,48,,799
1214,  Nokia  415,3.7,4,32,3.7,16,12,3000,299
1215,  Nokia  216,4,4,32,3.4,12,8,2500,199
1216,  Oppo  A9,4.4,8,128,6.4,64,48,6500,799
1217,  Nokia  415,3.8,4,32,3.7,16,12,3000,299
1218,Redmi K20,3.6,8,128,6.1,48,24,5000,789
1219,  Vivo  Y81,4.4,6,64,5.8,64,48,5300,850
1220,Oppo  A17,4.2,8,128,6.4,64,48,,749
1221,  Oppo  A9,3.5,8,128,6.4,64,48,6500,799
1222,  Vivo  V21,4.2,8,128,6,48,32,5500,899
1223,Redmi K20,4.6,8,128,6.1,48,24,5000,789
1224,  Apple iPhone 12,3.9,6,128,6.2,36,24,6000,849
1225,  Nokia  415,4.3,4,32,3.7,16,12,3000,299
1226,Redmi K20,3.4,8,128,6.1,48,24,5000,789
1227,  Oppo  A9,4.4,8,128,6.4,64,48,6500,799
1228,Redmi K20,4,8,128,6.1,48,24,5000,789
1229,Oppo  A17,4.3,8,128,6.4,64,48,,749
1230,Oppo  A17,4,8,128,6.4,64,48,6500,749
1231,  Apple iPhone 12,4.4,6,128,6.2,36,24,6000,849
1232,  Nokia  216,4.2,4,32,3.4,12,8,2500,199
1233,Redmi K20,4.7,8,,,,24,5000,789
1234,  Nokia  216,3.7,4,32,3.4,12,8,2500,199
1235,  Nokia  216,3.7,,32,3.4,12,8,2500,199
1236,  Nokia  415,3.4,4,32,3.7,16,,3000,299
1237,Oppo  A17,4.3,8,128,6.4,64,48,6500,749
1238,  Vivo  V21,4.6,8,128,6,48,32,5500,899
1239,  Oppo  A9,3.7,8,128,6.4,,48,6500,799
1240,  Vivo  Y81,3.5,6,64,5.8,64,48,5300,850
1241,  Nokia  216,3.7,4,32,3.4,12,8,2500,199
1242,  Oppo  A9,4.1,8,,6.4,,48,6500,799
1243,  Nokia  415,4.5,4,32,3.7,16,12,3000,299
1244,  Oppo  A9,4.1,8,128,6.4,64,48,6500,799
1245,Redmi K20,4.5,8,128,6.1,48,24,5000,789
1246,  Nokia  216,3.5,4,32,3.4,12,8,2500,199
1247,  Vivo  V21,3.5,8,128,6,48,32,5500,899
1248,  Oppo  A9,4.3,8,128,,64,48,6500,799
1249,Oppo  A17,3.6,,128,6.4,64,48,6500,749
1250,Oppo  A17,4.6,8,128,6.4,64,48,6500,749
1251,  Vivo  Y81,3.5,6,64,5.8,64,48,5300,850
1252,  Redmi A9,4.6,6,128,6.1,48,32,4000,499
1253,  Apple iPhone 12,3.7,6,128,6.2,36,24,6000,849
1254,  Oppo  A9,3.5,8,128,6.4,64,48,6500,799
1255,  Oppo  A9,4.7,8,128,6.4,,48,6500,799
1256,  Samsung  Galaxy S20+,4.3,8,256,6.5,64,48,7000,899
1257,  Nokia  216,4.1,4,32,3.4,12,8,2500,199
1258,  Samsung  Galaxy A50,4.7,8,128,6.4,48,32,5500,649
1259,  Nokia  216,4,4,32,3.4,12,8,2500,199
1260,Redmi K20,4.1,8,,6.1,48,24,5000,789
1261,  Samsung  Galaxy A50,4.2,8,128,6.4,48,32,5500,649
1262,Redmi K20,4.2,8,128,6.1,48,24,5000,789
1263,  Nokia  415,4.7,4,32,3.7,16,12,3000,299
1264,  Samsung  Galaxy A70,4.4,8,128,6.4,48,32,5500,679
1265,  Redmi A9,3.5,6,128,6.1,48,32,,499
1266,  Redmi A9,4.5,6,128,6.1,,32,4000,499
1267,  Nokia  216,3.9,4,,3.4,12,8,2500,199
1268,  Vivo  Y81,3.8,6,64,5.8,64,,5300,850
1269,Oppo  A17,3.5,,128,6.4,64,48,6500,749
1270,  Oppo  A9,4.2,8,128,6.4,64,48,6500,799
1271,  Apple iPhone 11,3.5,6,256,,48,24,5500,999
1272,  Vivo  Y81,4.6,6,64,5.8,64,48,5300,850
1273,  Vivo  V21,3.6,8,,6,48,32,5500,899
1274,  Oppo  A9,3.5,8,128,6.4,64,48,6500,799
1275,  Nokia  216,4.5,4,32,3.4,,8,2500,199
1276,  Samsung  Galaxy A70,,8,128,6.4,48,32,5500,679
1277,  Apple iPhone 11 Pro,4.2,6,128,6.3,64,48,6500,999
1278,  Samsung  Galaxy A50,4.3,8,128,6.4,48,32,,649
1279,Oppo  A17,3.4,8,128,6.4,,48,6500,749
1280,  Samsung  Galaxy A70,4.2,8,128,6.4,48,32,5500,679
1281,  Samsung  Galaxy S20+,3.6,8,256,6.5,64,48,7000,899
1282,Redmi K20,3.8,8,128,6.1,48,24,5000,789
1283,  Apple iPhone 11 Pro,3.5,6,128,6.3,64,48,6500,999
1284,  Vivo  Y81,3.9,6,,5.8,64,48,5300,850
1285,  Vivo  Y81,3.5,6,64,5.8,64,48,5300,850
1286,  Nokia  415,4.5,4,32,3.7,16,12,3000,299
1287,  Vivo  V21,4.2,8,128,6,48,32,5500,899
1288,  Vivo  Y81,4.5,6,64,5.8,64,48,5300,850
1289,  Nokia  216,4.4,4,32,3.4,12,8,2500,199
1290,  Samsung  Galaxy A70,3.4,8,128,6.4,48,32,5500,679
1291,  Vivo  V21,3.6,8,128,6,48,32,5500,899
1292,  Samsung  Galaxy S20+,4.2,8,256,6.5,64,48,7000,899
1293,  Apple iPhone 12,3.4,6,128,,36,24,6000,849
1294,  Nokia  415,4.3,4,32,3.7,16,12,3000,299
1295,  Nokia  415,4.4,4,32,3.7,16,,3000,299
1296,  Nokia  216,4,4,32,3.4,12,8,2500,199
1297,  Vivo  Y81,4.6,,64,5.8,64,48,5300,850
1298,  Apple iPhone 12,4.2,6,128,6.2,36,24,6000,849
1299,Oppo  A17,4.4,8,128,6.4,64,48,,749
1300,  Vivo  V21,4.1,8,128,6,48,32,5500,899
1301,  Oppo  A9,4.6,8,128,6.4,64,48,6500,799
1302,  Apple iPhone 11,4.3,6,,6.1,48,24,5500,999
1303,  Vivo  Y81,4,6,64,5.8,,48,5300,850
1304,Redmi K20,4,8,128,6.1,48,24,5000,789
1305,  Nokia  415,4.4,4,32,3.7,16,12,3000,299
1306,  Vivo  V21,4,8,128,6,48,32,5500,899
1307,  Samsung  Galaxy A50,3.8,8,128,6.4,48,32,,649
1308,  Nokia  415,3.7,4,32,3.7,16,12,3000,299
1309,  Samsung  Galaxy A50,3.8,8,128,6.4,48,32,5500,649
1310,Oppo  A17,4.1,8,128,6.4,64,48,6500,749
1311,  Oppo  A9,4.1,8,128,6.4,,48,,799
1312,  Samsung  Galaxy A50,3.4,8,128,6.4,,32,5500,649
1313,  Vivo  V21,4.6,8,,6,48,32,5500,899
1314,  Samsung  Galaxy A70,4.5,8,128,6.4,48,32,5500,679
1315,  Vivo  Y81,4.7,6,64,5.8,64,48,5300,850
1316,  Redmi A9,4.3,,128,,48,32,,499
1317,  Oppo  A9,4.1,8,128,6.4,64,48,6500,799
1318,  Oppo  A9,4.1,8,128,6.4,64,48,6500,799
1319,Oppo  A17,3.8,8,128,6.4,64,48,6500,749
1320,  Nokia  216,,4,32,3.4,12,8,2500,199
1321,  Nokia  415,4.6,4,32,3.7,16,12,3000,299
1322,  Samsung  Galaxy A50,3.5,8,128,6.4,48,32,5500,649
1323,  Apple iPhone 12,4.5,6,128,,36,24,6000,849
1324,  Nokia  216,4.4,4,32,3.4,12,8,2500,199
1325,  Nokia  415,3.6,4,32,3.7,16,,3000,299
1326,  Oppo  A9,3.9,8,128,6.4,,48,6500,799
1327,  Nokia  216,4.2,4,32,3.4,12,8,2500,199
1328,  Vivo  Y81,4.2,6,64,5.8,64,48,,850
1329,Redmi K20,3.7,8,128,6.1,48,24,5000,789
1330,  Redmi A9,4,6,128,6.1,48,32,4000,499
1331,  Samsung  Galaxy A50,4.3,8,128,6.4,48,32,5500,649
1332,Redmi K20,4.2,8,128,6.1,,24,5000,789
1333,  Nokia  415,4.5,4,32,3.7,16,12,3000,299
1334,Redmi K20,4.3,8,128,,48,24,5000,789
1335,  Samsung  Galaxy A70,4.1,,128,6.4,48,32,5500,679
1336,  Vivo  Y81,4.2,6,64,5.8,64,48,5300,850
1337,Oppo  A17,3.4,8,128,6.4,64,48,,749
1338,Oppo  A17,4.1,8,128,6.4,64,48,6500,749
1339,  Vivo  Y81,4.1,6,64,5.8,64,48,5300,850
1340,  Vivo  Y81,3.7,6,64,5.8,64,48,5300,850
1341,  Vivo  Y81,,6,64,5.8,64,,5300,850
1342,  Nokia  415,4.3,4,32,3.7,16,12,3000,299
1343,  Samsung  Galaxy A50,4.6,8,,6.4,48,32,5500,649
1344,  Apple iPhone 11 Pro,4.1,,128,6.3,64,48,6500,999
1345,  Samsung  Galaxy A50,4.6,8,128,6.4,48,32,,649
1346,  Apple iPhone 11 Pro,3.5,6,128,6.3,64,48,6500,999
1347,Oppo  A17,3.9,8,128,6.4,64,48,6500,749
1348,  Vivo  V21,3.5,8,128,6,48,32,5500,899
1349,  Oppo  A9,4.6,8,128,6.4,64,48,6500,799
1350,  Nokia  415,4.6,4,32,3.7,16,12,3000,299
1351,  Vivo  Y81,3.9,6,64,5.8,64,48,5300,850
1352,  Nokia  216,,4,32,3.4,12,8,2500,199
1353,  Nokia  216,3.7,4,32,3.4,12,8,2500,199
1354,  Samsung  Galaxy A70,4.5,8,128,6.4,48,32,5500,679
1355,Redmi K20,4.5,8,128,6.1,48,24,5000,789
1356,  Apple iPhone 12,4.2,6,128,6.2,36,24,,849
1357,  Oppo  A9,4.6,8,128,6.4,64,48,6500,799
1358,  Vivo  Y81,3.5,6,64,5.8,64,48,5300,850
1359,Redmi K20,4.6,8,128,6.1,48,24,5000,789
1360,  Redmi A9,4.5,6,128,6.1,48,32,4000,499
1361,  Apple iPhone 12,3.5,6,,6.2,36,,,849
1362,  Apple iPhone 11,4.3,6,256,,48,24,5500,999
1363,  Nokia  415,4.3,4,32,3.7,16,12,3000,299
1364,  Nokia  216,3.8,4,32,3.4,12,8,2500,199
1365,  Oppo  A9,3.7,8,128,6.4,64,48,6500,799
